,acq_date,daynight,latitude,longitude,brightness,confidence,frp,bright_t31
0,2016-01-01,D,56.196200000000005,-118.76695000000001,330.6166666666667,85.83333333333333,78.73333333333333,272.21666666666664
1,2016-01-01,N,55.40175,-116.60865000000001,323.15,97.5,61.4,266.04999999999995
2,2016-01-02,D,55.28879523809523,-114.83070476190477,343.81428571428575,88.38095238095238,109.8047619047619,271.9761904761905
3,2016-01-02,N,55.950433333333336,-114.59463333333333,324.93333333333334,93.0,150.93333333333334,268.06666666666666
4,2016-01-03,D,56.0158,-122.37639999999999,346.75,76.0,204.0,271.2
5,2016-01-03,N,55.97195,-118.4588,323.1,97.0,20.95,266.85
6,2016-01-04,D,53.66308,-115.83592666666667,381.0933333333333,93.73333333333333,143.66,273.62
7,2016-01-05,D,54.53985,-119.26968333333333,375.75,97.66666666666667,0.0,267.2
8,2016-01-06,D,55.7562,-121.7304,380.0,100.0,0.0,267.5
9,2016-01-07,D,55.8853,-122.04650000000001,396.45,100.0,0.0,272.04999999999995
10,2016-01-08,D,52.5592,-115.917,361.0,90.0,0.0,266.4
11,2016-01-12,D,54.820248148148146,-119.19916296296296,350.7333333333333,87.77777777777777,152.32592592592593,274.2148148148148
12,2016-01-13,D,53.14276666666667,-116.7308,344.0333333333333,93.66666666666667,56.53333333333334,273.9666666666667
13,2016-01-18,D,53.576490909090914,-117.60089090909091,339.29090909090905,83.54545454545455,61.28181818181818,271.6636363636364
14,2016-01-20,D,54.39149999999999,-118.76259999999999,332.05,82.5,44.45,269.95000000000005
15,2016-01-22,D,52.821133333333336,-115.91865,341.5333333333333,86.5,66.03333333333333,271.51666666666665
16,2016-01-24,D,53.58994117647059,-116.03483529411766,334.18823529411765,85.05882352941177,111.38235294117646,270.72352941176473
17,2016-01-25,D,53.719449999999995,-117.0638,333.1,84.5,54.625,267.875
18,2016-01-26,D,55.08525,-119.31275,336.775,87.5,229.5,277.675
19,2016-01-27,N,51.849733333333326,-114.42020000000001,322.53333333333336,89.33333333333333,28.5,273.3666666666667
20,2016-01-28,D,55.8206,-120.44115,347.225,89.5,120.725,276.275
21,2016-01-29,D,55.14005,-119.03175,325.1,83.0,45.3,273.54999999999995
22,2016-01-30,D,54.75129999999999,-112.17469999999999,332.1666666666667,78.33333333333333,55.43333333333334,272.8666666666667
23,2016-02-01,D,53.2218,-116.8601,365.2,95.0,0.0,271.9
24,2016-02-02,D,53.142,-117.1038,315.5,76.0,37.4,267.5
25,2016-02-03,D,54.404575,-115.876625,348.04999999999995,91.25,59.175,269.35
26,2016-02-04,D,54.53763333333333,-117.0677,329.56666666666666,83.0,118.03333333333335,270.8666666666666
27,2016-02-05,D,56.75856666666667,-116.8371,317.26666666666665,77.33333333333333,23.266666666666666,271.6666666666667
28,2016-02-06,D,51.98,-121.7057,319.0,79.0,33.5,273.1
29,2016-02-09,D,56.571,-121.2616,335.4,82.0,188.7,273.3
30,2016-02-09,N,54.203,-115.3052,314.15,88.5,30.1,271.1
31,2016-02-11,D,54.57255,-118.91215,336.0,90.0,113.1,276.95
32,2016-02-13,D,53.880542857142856,-116.42884285714285,334.15714285714284,87.28571428571429,124.05714285714285,276.37142857142857
33,2016-02-20,D,52.874700000000004,-123.00710000000001,343.6,81.0,115.15,275.85
34,2016-02-21,D,52.9493,-123.484,362.8,89.0,162.2,274.3
35,2016-02-23,D,54.57937272727273,-122.12113636363637,345.3818181818182,90.0,171.0818181818182,274.77272727272725
36,2016-02-24,D,53.83036666666667,-112.99383333333333,356.5,94.0,114.89999999999999,275.7
37,2016-02-28,N,52.339574999999996,-115.887,340.6,100.0,54.349999999999994,267.925
38,2016-03-01,N,55.5125,-119.0698,317.0,94.0,28.9,266.2
39,2016-03-07,D,52.737300000000005,-122.82839999999999,317.20000000000005,77.0,35.5,276.5
40,2016-03-08,N,52.5825,-122.7446,321.7,100.0,61.0,268.7
41,2016-03-09,D,52.781775,-123.558575,338.225,90.0,56.074999999999996,276.175
42,2016-03-09,N,52.576800000000006,-122.7501,326.5,100.0,32.0,266.85
43,2016-03-10,D,51.08443333333333,-113.6222,320.5333333333333,79.66666666666667,18.366666666666667,289.1666666666667
44,2016-03-13,D,52.562439999999995,-122.3726,357.3,86.4,99.04,277.65999999999997
45,2016-03-13,N,53.0001,-123.5429,313.20000000000005,85.5,24.75,267.9
46,2016-03-16,D,54.3141,-125.5505,322.2,77.0,24.1,270.1
47,2016-03-17,D,53.0608,-124.01695,340.3,83.0,103.69999999999999,274.5
48,2016-03-18,D,51.5723,-120.27065,321.45,79.0,31.049999999999997,274.1
49,2016-03-18,N,53.0809,-124.014,325.2,95.0,0.0,265.2
50,2016-03-25,N,53.9457,-123.4483,324.1,100.0,28.5,272.6
51,2016-03-28,D,52.17832,-122.45484000000002,338.28000000000003,86.2,174.6,280.76000000000005
52,2016-03-29,D,53.847759999999994,-125.64316,349.04,85.4,286.24,279.32
53,2016-03-30,D,52.068075,-112.45179999999999,333.625,87.5,55.4,285.15
54,2016-03-30,N,56.99874,-121.477,331.66,97.2,103.78000000000002,272.4
55,2016-03-31,D,55.50656,-120.92783999999999,323.18,81.2,27.419999999999998,286.12
56,2016-04-01,D,53.67604210526316,-120.56207368421053,333.7684210526316,85.73684210526316,86.27894736842104,287.7578947368421
57,2016-04-02,D,52.461475,-114.82644166666667,335.34166666666664,87.0,53.708333333333336,295.1666666666667
58,2016-04-02,N,51.1826,-122.7714,311.3,82.0,54.1,275.0
59,2016-04-03,D,54.8777,-123.8652,321.2,76.0,26.5,277.2
60,2016-04-03,N,51.1816,-122.7705,339.5,100.0,47.5,273.7
61,2016-04-04,D,49.76501666666667,-103.44041666666668,324.78333333333336,82.16666666666667,52.9,287.0
62,2016-04-07,D,49.444775,-116.69035,317.325,76.25,14.925,294.4
63,2016-04-08,D,50.030833333333334,-112.20476666666667,321.5833333333333,79.5,43.0,291.18333333333334
64,2016-04-09,D,51.4345,-114.7158,316.4,76.0,16.9,283.4
65,2016-04-11,D,50.38765,-111.21186666666667,326.7,80.0,34.56666666666667,295.5
66,2016-04-12,D,49.72338,-103.80837999999999,322.2,78.6,25.860000000000003,294.65999999999997
67,2016-04-13,D,50.377966666666666,-101.35841111111112,324.73333333333335,80.88888888888889,67.14444444444445,287.22222222222223
68,2016-04-14,D,51.28634285714286,-108.75615714285713,327.14285714285717,82.71428571428571,35.285714285714285,295.07142857142856
69,2016-04-15,D,52.3122,-113.5535,317.6,77.0,24.1,293.3
70,2016-04-16,D,48.049528571428574,-89.60662857142857,331.4357142857143,85.21428571428571,52.07857142857143,296.2785714285714
71,2016-04-17,D,50.65500000000001,-103.71465714285715,330.8142857142857,84.57142857142857,34.971428571428575,300.95714285714286
72,2016-04-18,D,52.89128214285714,-110.6045375,343.1821428571429,87.44642857142857,133.86785714285716,299.9982142857143
73,2016-04-19,D,54.45806111111111,-114.88285555555555,340.56944444444446,87.58333333333333,87.12916666666666,293.14166666666665
74,2016-04-19,N,56.419496610169496,-121.0068779661017,329.30169491525425,96.10169491525424,116.02033898305085,282.571186440678
75,2016-04-20,D,51.97383269230769,-110.16291538461539,335.525,85.61538461538461,197.9826923076923,291.38846153846157
76,2016-04-20,N,56.34764,-120.75717999999999,322.06,87.8,60.32000000000001,277.36
77,2016-04-21,D,51.331966666666666,-99.96982307692308,336.83846153846156,85.76923076923077,76.47948717948718,294.5897435897436
78,2016-04-21,N,51.1965,-122.8657,324.0,100.0,32.0,276.2
79,2016-04-22,D,50.2176,-102.7305,343.0,93.0,73.6,287.3
80,2016-04-24,D,50.4999,-99.2693,325.7,84.0,40.7,283.9
81,2016-04-25,D,49.59022,-97.47224,332.04,86.4,124.4,281.54
82,2016-04-26,D,50.10304,-100.82937,336.41999999999996,87.4,49.04,282.55
83,2016-04-27,D,51.87417000000001,-104.41857999999999,321.56,80.5,41.53,281.68
84,2016-04-28,D,50.751256818181815,-102.09322727272728,324.8181818181818,81.54545454545455,29.443181818181817,291.7704545454545
85,2016-04-29,D,51.39898253968254,-102.88097142857143,326.75396825396825,81.71428571428571,54.20634920634921,298.09206349206346
86,2016-04-30,D,52.265606097560976,-104.81637560975611,334.0451219512195,85.15853658536585,77.59878048780487,297.04634146341465
87,2016-04-30,N,52.335366666666665,-106.66396666666667,309.73333333333335,78.0,53.9,274.8
88,2016-05-01,D,54.14463272727273,-112.38719909090909,346.9681818181818,88.22727272727273,193.07,297.9227272727273
89,2016-05-01,N,54.72562222222222,-114.73586666666668,327.5,93.44444444444444,95.88888888888889,273.85555555555555
90,2016-05-02,D,54.927656250000005,-113.19125208333332,346.26979166666666,88.3125,163.12708333333333,300.26145833333334
91,2016-05-03,D,53.466428155339806,-108.52019708737863,342.45728155339805,85.6116504854369,113.23883495145631,299.71844660194176
92,2016-05-03,N,54.72111666666667,-111.12049999999999,316.8333333333333,88.33333333333333,47.23333333333333,284.8666666666667
93,2016-05-04,D,55.09418920454546,-112.27154488636364,350.5034090909091,88.69318181818181,161.52386363636364,298.83409090909095
94,2016-05-04,N,56.21514042553192,-111.65991489361701,352.07872340425536,96.72340425531915,125.15744680851063,293.4617021276596
95,2016-05-05,D,55.95007831858407,-112.94329823008849,357.83362831858403,90.61946902654867,228.47079646017698,293.71769911504424
96,2016-05-05,N,56.978024561403515,-113.6871701754386,351.58421052631576,97.3859649122807,353.4315789473684,283.259649122807
97,2016-05-06,D,56.32474316939891,-110.78595601092896,370.3904371584699,90.93715846994536,315.27322404371586,298.3849726775956
98,2016-05-06,N,56.50471304347826,-115.84332753623188,347.0992753623188,95.6376811594203,142.25289855072464,281.7260869565217
99,2016-05-07,D,52.73034606741573,-102.9417606741573,354.9168539325843,85.80898876404494,162.21011235955058,294.1988764044944
100,2016-05-07,N,56.18085084745763,-112.14548983050847,341.6084745762712,95.55932203389831,204.68474576271186,276.77457627118645
101,2016-05-08,D,52.7425,-105.05071538461539,333.40769230769234,83.1923076923077,37.71153846153846,300.53076923076924
102,2016-05-08,N,54.492194,-107.08267400000001,333.80800000000005,95.04,117.55799999999999,281.058
103,2016-05-09,D,50.59265280898877,-95.84868089887641,372.25393258426965,86.65168539325843,215.5370786516854,306.3123595505618
104,2016-05-09,N,50.91990555555556,-96.77464444444445,336.3388888888889,94.27777777777777,86.8111111111111,284.3833333333333
105,2016-05-10,D,56.70915,-110.6294,352.79999999999995,91.5,71.2,285.1
106,2016-05-10,N,51.036550000000005,-95.03875,326.45,94.5,31.349999999999998,270.85
107,2016-05-11,N,56.668,-110.4551,321.3,91.0,30.9,280.3
108,2016-05-12,D,55.427640000000004,-106.32372799999999,344.036,88.88,89.296,282.964
109,2016-05-13,D,56.480220930232555,-110.63508604651162,371.6011627906977,89.86046511627907,212.6,294.0686046511628
110,2016-05-13,N,56.55323333333333,-110.7568,313.2,80.66666666666667,17.400000000000002,277.03333333333336
111,2016-05-14,D,56.51615402843602,-112.75684786729857,355.8824644549763,90.01421800947867,274.46824644549764,295.0890995260664
112,2016-05-14,N,54.70816,-109.37773999999999,321.88,93.6,51.48,274.48
113,2016-05-15,D,56.350885618729095,-116.46082207357858,358.36354515050164,92.07357859531773,237.29866220735786,296.87959866220734
114,2016-05-15,N,56.53165,-114.55878695652174,336.22391304347826,95.08695652173913,93.32391304347826,286.36304347826086
115,2016-05-16,D,56.46465707257072,-111.8384606396064,371.2228782287823,93.55842558425584,438.85030750307504,301.55879458794584
116,2016-05-16,N,56.814765853658535,-115.75677967479675,338.039837398374,95.47154471544715,106.96341463414635,288.3772357723577
117,2016-05-17,D,55.87650687022901,-110.23031946564886,350.92671755725195,89.05343511450381,151.47175572519083,297.63015267175575
118,2016-05-17,N,56.76980193050193,-111.88988725868727,350.9034749034749,97.94208494208495,118.52509652509653,280.9108108108108
119,2016-05-18,D,56.35572391304348,-110.0411804347826,374.963768115942,90.79710144927536,391.65507246376814,286.62608695652176
120,2016-05-18,N,56.804372413793104,-111.1689724137931,340.6508620689655,95.33620689655173,119.93448275862069,286.49310344827586
121,2016-05-19,D,51.6762,-103.67139782608695,337.0239130434783,84.23913043478261,32.606521739130436,306.0869565217391
122,2016-05-19,N,56.667096190476194,-110.66296476190476,340.7171428571429,95.78095238095239,129.2047619047619,280.91999999999996
123,2016-05-20,D,54.918870149253735,-107.26182089552239,346.40746268656716,87.77611940298507,134.9149253731343,293.2507462686567
124,2016-05-21,D,52.14450000000001,-102.47565,332.15999999999997,82.9,30.869999999999997,300.54
125,2016-05-21,N,54.096625,-105.4645,323.3,90.75,53.95,275.075
126,2016-05-22,D,52.56025789473684,-104.14706842105264,327.84736842105264,81.26315789473684,47.747368421052634,300.3894736842105
127,2016-05-22,N,46.5788,-80.7842,323.0,100.0,25.3,279.8
128,2016-05-23,D,56.583392481203006,-110.17609624060151,365.42255639097743,93.57142857142857,387.47744360902254,299.83007518796995
129,2016-05-23,N,51.48233571428572,-97.92422142857143,334.5857142857143,95.57142857142857,41.05714285714286,285.9428571428571
130,2016-05-24,D,56.80553744939271,-110.6280491902834,374.6006072874494,93.95951417004049,315.81417004048586,301.82914979757084
131,2016-05-24,N,56.00797192982456,-108.0732052631579,342.44385964912277,95.94736842105263,96.36491228070176,282.5280701754386
132,2016-05-25,D,56.26616724137931,-108.55072586206897,340.17413793103447,87.63793103448276,70.01724137931035,294.3120689655172
133,2016-05-25,N,56.88245714285714,-110.59182857142856,324.92857142857144,95.85714285714286,130.15714285714287,282.81428571428575
134,2016-05-26,D,56.35281714285714,-109.31847142857143,347.21142857142854,86.71428571428571,128.38571428571427,295.9942857142857
135,2016-05-26,N,56.71905,-110.14927,321.05,94.5,28.18,286.21999999999997
136,2016-05-30,D,48.65586666666667,-95.16789999999999,325.0,80.0,20.599999999999998,297.6666666666667
137,2016-05-31,N,46.5771,-80.791,318.2,96.0,18.5,286.5
138,2016-06-02,D,46.57495,-80.799,332.45,85.0,27.2,302.9
139,2016-06-04,D,54.43262,-106.4114,331.3,81.4,26.4,299.04
140,2016-06-05,D,52.665800000000004,-112.95095,323.8,78.0,18.15,300.0
141,2016-06-06,D,55.45167073170732,-111.00380487804878,339.31951219512194,86.4390243902439,117.54146341463414,298.0829268292683
142,2016-06-07,D,56.021836666666665,-110.61245000000001,360.97,85.76666666666667,281.37,302.05
143,2016-06-07,N,55.53532727272727,-112.64914545454545,324.8181818181818,98.54545454545455,33.9,285.5181818181818
144,2016-06-08,D,54.361,-103.018,326.3,83.0,24.0,301.9
145,2016-06-08,N,56.384899999999995,-110.19226666666667,323.4166666666667,92.83333333333333,81.56666666666666,283.1666666666667
146,2016-06-10,D,58.784616666666665,-119.04163333333334,329.65,82.16666666666667,54.6,297.9166666666667
147,2016-06-11,N,48.7898,-94.6633,310.6,80.0,20.5,289.8
148,2016-06-12,D,62.035875,-123.152725,326.95,83.75,35.325,285.625
149,2016-06-14,D,52.6571,-106.4167,325.5,77.0,17.0,305.7
150,2016-06-14,N,55.3085,-118.09763333333335,334.8333333333333,100.0,63.4,266.8333333333333
151,2016-06-15,D,51.0084,-99.6326,327.4,82.0,20.4,297.8
152,2016-06-16,D,46.8068,-81.4011,344.5,93.0,48.5,304.8
153,2016-06-17,D,54.66698,-118.18876,329.2,85.8,32.2,292.96
154,2016-06-18,D,55.287935714285716,-116.43967857142857,325.74285714285713,82.71428571428571,73.65714285714286,293.1642857142857
155,2016-06-19,D,60.90279655172414,-129.78145172413792,358.151724137931,88.93103448275862,249.73103448275862,298.88620689655176
156,2016-06-19,N,56.054950000000005,-119.23429999999999,322.525,98.5,24.775,275.175
157,2016-06-20,D,61.47688095238095,-122.44437619047619,352.79523809523806,87.47619047619048,368.0,299.62380952380954
158,2016-06-20,N,62.148222881355935,-129.17001610169493,347.1745762711864,98.15254237288136,90.85508474576271,294.7991525423729
159,2016-06-21,D,62.78356170212766,-122.0518255319149,355.3553191489362,91.1063829787234,127.72340425531915,288.2
160,2016-06-21,N,63.59997578947368,-123.50846842105264,355.5736842105263,97.91578947368421,769.6305263157896,290.35263157894735
161,2016-06-22,D,55.563322222222226,-110.56757777777779,335.70000000000005,82.44444444444444,49.44444444444444,301.65555555555557
162,2016-06-23,D,60.02409130434783,-123.34446956521738,369.11304347826086,86.21739130434783,239.1565217391304,300.03043478260867
163,2016-06-23,N,57.57836666666666,-115.63926666666669,309.3666666666666,77.33333333333333,14.233333333333334,283.59999999999997
164,2016-06-24,D,55.16270000000001,-103.76427142857142,354.7142857142857,89.42857142857143,77.34285714285714,297.4428571428571
165,2016-06-24,N,56.1712,-95.1674,322.4,100.0,23.1,287.2
166,2016-06-25,D,58.9299375,-111.416375,356.8875,79.375,160.35,298.4
167,2016-06-26,D,58.167056,-109.13248,344.292,87.56,140.812,296.932
168,2016-06-26,N,56.647333333333336,-115.02299999999998,320.1666666666667,92.33333333333333,35.0,282.1333333333333
169,2016-06-27,D,56.81894583333334,-113.953575,338.45,83.29166666666667,108.79166666666667,297.5208333333333
170,2016-06-27,N,58.544007407407406,-111.95158888888889,354.71111111111117,95.29629629629629,65.30740740740741,283.11481481481485
171,2016-06-28,D,59.66906326530612,-119.54138775510205,371.234693877551,86.9795918367347,377.7795918367347,300.7183673469388
172,2016-06-28,N,54.8681,-110.9214,321.1125,94.75,51.7625,284.225
173,2016-06-29,D,60.60718932038835,-115.39369417475727,357.27572815533983,89.0873786407767,196.67184466019418,303.29611650485435
174,2016-06-29,N,60.347615,-121.29504999999999,332.83000000000004,96.65,50.12,290.69
175,2016-06-30,D,58.952253409090915,-109.87429886363635,359.2352272727273,86.51136363636364,142.4284090909091,302.97159090909093
176,2016-06-30,N,59.067122222222224,-111.26360555555556,329.46666666666664,94.88888888888889,172.2111111111111,287.3333333333333
177,2016-07-01,D,58.59587711864407,-108.8885872881356,362.235593220339,87.35593220338983,206.80677966101695,304.21271186440674
178,2016-07-01,N,57.599336666666666,-107.31246666666667,324.27000000000004,95.5,47.42333333333333,287.08
179,2016-07-02,D,58.50556869918699,-108.19166219512195,362.560162601626,89.82926829268293,177.0341463414634,307.75
180,2016-07-02,N,58.5348525,-109.907125,334.015,95.85,59.782500000000006,292.9625
181,2016-07-03,D,59.45420714285714,-107.66092857142858,357.7142857142857,88.48979591836735,212.90918367346939,301.0979591836735
182,2016-07-03,N,58.43298947368421,-106.80642894736842,324.03684210526313,93.1842105263158,56.776315789473685,289.64473684210526
183,2016-07-04,D,58.955373333333334,-107.81487833333334,369.8858333333334,87.70833333333333,180.4741666666667,304.34749999999997
184,2016-07-04,N,59.15075247524752,-107.08507227722772,331.96237623762374,94.86138613861387,55.31881188118812,291.560396039604
185,2016-07-05,D,61.350993103448275,-115.46434137931035,350.3724137931034,85.10344827586206,86.68275862068967,298.9344827586207
186,2016-07-05,N,57.54924583333334,-115.460625,341.28333333333336,97.41666666666667,141.37916666666666,284.8625
187,2016-07-06,D,63.4939,-117.500145,362.04,88.4,121.55499999999999,304.59499999999997
188,2016-07-06,N,58.353111428571424,-114.82958,333.86571428571426,97.22857142857143,141.69714285714284,286.76571428571424
189,2016-07-07,D,64.26952,-122.89626000000001,358.44,89.8,97.88,300.34000000000003
190,2016-07-07,N,63.03778,-115.35862,318.94,88.0,20.0,289.6
191,2016-07-08,D,62.5849,-122.84947272727273,359.1909090909091,91.27272727272727,169.5818181818182,293.6272727272727
192,2016-07-08,N,64.41746666666667,-119.6837,321.23333333333335,96.66666666666667,44.06666666666666,287.09999999999997
193,2016-07-09,D,61.49254545454546,-123.29689090909092,335.5,82.54545454545455,42.74545454545455,296.93636363636364
194,2016-07-09,N,63.80843333333333,-120.9834,315.56666666666666,87.0,18.966666666666665,286.8666666666667
195,2016-07-10,D,61.05026818181818,-107.34076363636363,343.1363636363636,86.95454545454545,70.41363636363636,297.08181818181816
196,2016-07-10,N,64.85535,-127.96679999999999,323.8,89.5,34.016666666666666,290.06666666666666
197,2016-07-11,D,61.3335875,-102.90249375,356.61875,85.6875,153.08125,301.28125
198,2016-07-11,N,65.4441,-126.262,310.7,81.0,28.6,286.9
199,2016-07-12,D,56.640029166666665,-87.74602499999999,349.74375000000003,86.91666666666667,95.77916666666665,299.3958333333333
200,2016-07-12,N,62.56237,-113.38714,317.19,91.7,18.86,288.7
201,2016-07-13,D,64.516475,-117.94346071428572,347.1821428571429,86.75,97.17142857142858,300.86785714285713
202,2016-07-13,N,57.87302,-98.07480000000001,316.74,88.0,52.06,283.64
203,2016-07-14,D,64.60403287671232,-122.70602054794522,359.05342465753426,88.88356164383562,309.28630136986305,299.545205479452
204,2016-07-14,N,63.933870588235294,-121.09277647058825,317.02941176470586,91.23529411764706,18.41176470588235,289.2
205,2016-07-15,D,64.03298169491525,-120.44033762711864,366.71525423728815,88.59322033898304,241.79491525423728,301.4457627118644
206,2016-07-15,N,64.68775217391304,-123.01682608695653,321.25217391304346,88.91304347826087,35.417391304347824,290.5695652173913
207,2016-07-16,D,62.640969444444444,-118.03916111111113,345.3722222222222,87.63888888888889,86.23055555555555,297.5444444444445
208,2016-07-16,N,63.304100000000005,-120.8936894736842,330.87894736842105,92.84210526315789,31.373684210526317,282.8894736842105
209,2016-07-17,D,58.45716704545455,-95.2650068181818,352.14090909090913,88.5340909090909,169.1340909090909,301.58750000000003
210,2016-07-17,N,61.42343913043478,-107.9484652173913,328.9065217391304,94.08695652173913,72.81304347826087,290.2108695652174
211,2016-07-18,D,57.62749316239316,-99.85974444444444,351.2931623931624,86.7094017094017,115.7940170940171,301.1034188034188
212,2016-07-18,N,58.6421298245614,-103.33259649122806,331.4526315789474,94.56140350877193,57.27543859649123,289.96491228070175
213,2016-07-19,D,58.43204444444445,-107.16969861111112,365.38750000000005,87.61111111111111,306.27777777777777,305.1763888888889
214,2016-07-19,N,59.10188095238095,-114.22608095238095,327.1,94.0952380952381,79.1,281.87619047619046
215,2016-07-20,D,56.080200000000005,-107.2754,351.4,87.5,251.60000000000002,294.5
216,2016-07-20,N,53.549,-107.4759,315.79999999999995,90.5,16.95,288.9
217,2016-07-21,D,52.0982,-91.3743,327.5,82.0,22.0,297.8
218,2016-07-22,D,58.6998,-107.0705,362.9,100.0,93.6,281.5
219,2016-07-23,D,61.711079999999995,-116.43818000000002,369.26000000000005,83.0,160.76,295.5
220,2016-07-23,N,55.0579,-116.03096666666666,324.3,100.0,27.400000000000002,284.5
221,2016-07-24,D,58.704899999999995,-106.85965,409.75,94.5,362.79999999999995,311.8
222,2016-07-24,N,56.84707272727273,-116.92067272727273,328.97272727272724,98.36363636363636,88.7909090909091,283.2
223,2016-07-25,N,63.34553333333333,-115.92633333333333,311.8666666666667,83.0,13.833333333333334,283.26666666666665
224,2016-07-26,D,58.258234375,-107.18212187499999,366.975,86.40625,306.7,301.503125
225,2016-07-26,N,55.13900909090909,-117.8609,343.8090909090909,96.9090909090909,101.08181818181819,285.8636363636364
226,2016-07-27,D,57.89901470588235,-107.31258235294116,360.45588235294116,88.41176470588235,219.3705882352941,299.8970588235294
227,2016-07-27,N,53.94539999999999,-111.12924000000001,325.9,97.8,71.37,281.93999999999994
228,2016-07-28,D,60.33850714285715,-115.20229285714287,335.1857142857143,82.85714285714286,68.98571428571428,298.4714285714286
229,2016-07-28,N,58.982869230769225,-112.54171538461539,318.16923076923075,91.07692307692308,32.51538461538461,285.7
230,2016-07-29,D,58.02721904761905,-106.42480952380951,348.9190476190476,86.14285714285714,85.66666666666667,301.45238095238096
231,2016-07-29,N,55.17359285714286,-107.30673571428572,319.4214285714285,92.14285714285714,21.164285714285715,285.0785714285714
232,2016-07-30,N,59.629416666666664,-106.36059999999999,319.75,88.66666666666667,49.48333333333333,285.06666666666666
233,2016-07-31,N,59.4788,-119.39363333333334,322.2333333333333,93.0,37.0,286.06666666666666
234,2016-08-01,D,59.979637499999995,-125.50665000000001,338.2875,89.375,94.575,296.5
235,2016-08-02,N,58.71365,-123.79315,318.6,88.0,37.85,286.29999999999995
236,2016-08-03,D,62.27630333333333,-120.22282333333332,348.9066666666667,89.46666666666667,105.18333333333334,300.0466666666667
237,2016-08-03,N,60.331300000000006,-113.27385555555556,318.55555555555554,92.66666666666667,22.811111111111114,286.3888888888889
238,2016-08-04,D,61.73353999999999,-116.3212,340.46500000000003,87.75,77.215,296.96
239,2016-08-04,N,60.56487692307692,-117.29511538461537,321.4576923076923,92.42307692307692,40.815384615384616,287.8769230769231
240,2016-08-05,D,59.63072105263158,-124.77674736842104,355.39473684210526,92.63157894736842,243.52105263157893,295.93684210526317
241,2016-08-05,N,62.79016097560976,-116.63205121951219,339.42195121951215,95.65853658536585,109.95853658536586,290.9951219512195
242,2016-08-06,D,59.234116666666665,-114.83173333333333,336.8833333333333,85.5,45.083333333333336,289.68333333333334
243,2016-08-06,N,55.4699125,-100.2741625,320.9125,92.375,39.05,288.3375
244,2016-08-07,D,56.19998888888889,-107.23725555555556,332.84444444444443,82.88888888888889,79.5111111111111,294.9111111111111
245,2016-08-07,N,58.31968333333333,-111.52206666666666,325.31666666666666,98.66666666666667,40.73333333333333,283.43333333333334
246,2016-08-08,D,51.332366666666665,-92.36726666666668,343.0,87.33333333333333,28.599999999999998,287.0
247,2016-08-08,N,59.21875,-114.1539625,334.85,98.125,179.17499999999998,286.1375
248,2016-08-09,D,57.21643461538462,-105.7991423076923,346.3346153846154,87.88461538461539,157.45384615384617,296.91923076923075
249,2016-08-09,N,57.22603125,-106.45776875,340.125,97.25,167.9125,287.475
250,2016-08-10,D,59.33830526315789,-114.24364736842105,361.0578947368421,89.84210526315789,211.70526315789473,299.3894736842105
251,2016-08-10,N,61.14788,-117.34574,328.91999999999996,95.2,60.629999999999995,289.6
252,2016-08-11,D,59.42004347826087,-117.7197652173913,340.54782608695655,86.52173913043478,70.2695652173913,296.45217391304345
253,2016-08-11,N,58.94107777777778,-117.87752222222223,321.73333333333335,93.66666666666667,33.855555555555554,285.64444444444445
254,2016-08-12,D,59.477425000000004,-125.18439166666667,343.9666666666667,89.58333333333333,97.66666666666667,289.9583333333333
255,2016-08-12,N,57.70770909090909,-119.25911818181818,318.59090909090907,90.45454545454545,48.127272727272725,283.71818181818185
256,2016-08-13,D,60.4879125,-126.74419999999999,368.425,86.875,240.0125,294.775
257,2016-08-13,N,59.602199999999996,-127.62765,322.9,89.375,63.625,282.9625
258,2016-08-14,D,59.414254166666666,-127.12381666666666,373.8833333333334,92.91666666666667,110.34166666666665,279.0625
259,2016-08-14,N,59.859849999999994,-129.130155,356.03000000000003,96.05,161.035,290.875
260,2016-08-15,D,59.54522222222223,-122.4550888888889,331.44444444444446,86.22222222222223,37.888888888888886,292.5111111111111
261,2016-08-15,N,59.85233333333333,-129.23401666666666,344.8833333333334,98.0,158.28333333333333,281.21666666666664
262,2016-08-16,D,60.258222222222216,-116.69355555555555,346.96666666666664,84.33333333333333,146.33333333333334,292.8666666666667
263,2016-08-17,D,59.9794,-128.21871428571427,351.4428571428571,88.0,114.3,291.0285714285714
264,2016-08-17,N,58.733807142857145,-121.41757857142856,319.5785714285715,91.28571428571429,43.714285714285715,284.50714285714287
265,2016-08-18,D,56.71947368421053,-119.01175263157896,336.4684210526316,86.63157894736842,68.2421052631579,290.30526315789473
266,2016-08-18,N,54.82633333333334,-122.01093333333334,311.59999999999997,83.0,16.066666666666666,282.5
267,2016-08-19,D,61.730525,-117.096675,328.65,84.25,35.025,296.9
268,2016-08-19,N,55.5935,-118.15,325.04999999999995,97.5,59.8,281.75
269,2016-08-20,D,49.635933333333334,-118.46356666666667,327.90000000000003,81.66666666666667,23.366666666666664,298.8666666666667
270,2016-08-20,N,52.09113333333334,-125.42783333333334,321.5,98.33333333333333,40.166666666666664,289.09999999999997
271,2016-08-21,D,49.3596,-105.75365,334.65,86.0,29.6,303.6
272,2016-08-21,N,49.9254,-119.7691,312.05,84.0,17.35,285.5
273,2016-08-22,D,54.107866666666666,-110.31419999999999,320.53333333333336,75.33333333333333,38.76666666666667,305.1333333333333
274,2016-08-22,N,60.81455,-115.8108,319.45,90.5,25.55,285.85
275,2016-08-23,D,62.96368181818182,-118.72176363636363,332.07272727272726,82.27272727272727,46.58181818181818,296.47272727272724
276,2016-08-23,N,63.26272,-116.05232000000001,322.74,94.8,35.12,290.0
277,2016-08-24,D,61.7151,-112.27449999999999,327.96666666666664,81.66666666666667,27.566666666666666,292.5
278,2016-08-24,N,58.3699,-115.572,309.3,77.0,12.1,282.0
279,2016-08-25,D,59.454483333333336,-119.88121666666666,327.51666666666665,83.33333333333333,43.48333333333333,296.18333333333334
280,2016-08-25,N,62.96854,-118.86338,318.36,92.0,33.2,284.1
281,2016-08-27,D,50.55853333333334,-107.82600000000001,332.8,87.0,32.9,299.06666666666666
282,2016-08-29,D,50.339620000000004,-99.24976000000001,325.02,82.0,28.439999999999998,296.28000000000003
283,2016-08-30,D,50.54268888888889,-102.67543333333333,334.46666666666664,86.44444444444444,48.044444444444444,298.3777777777778
284,2016-08-30,N,51.9911,-101.6983,320.5,100.0,21.9,281.4
285,2016-08-31,D,50.2003,-121.5907,344.0,81.0,79.3,283.8
286,2016-09-01,D,49.634766666666664,-97.42186666666666,327.5,81.88888888888889,30.95555555555556,297.73333333333335
287,2016-09-01,N,50.2236,-121.5974,330.4,100.0,33.1,275.0
288,2016-09-03,D,49.375125,-97.734775,323.875,79.0,15.625,295.825
289,2016-09-07,D,57.59442,-117.3119,331.43999999999994,85.0,39.879999999999995,294.08000000000004
290,2016-09-07,N,58.2242,-115.8563,324.7,100.0,28.7,279.0
291,2016-09-08,D,50.235699999999994,-98.6888,340.45000000000005,92.0,59.9,295.4
292,2016-09-10,D,49.687225,-97.5955625,321.25,79.875,17.975,293.3375
293,2016-09-12,D,51.465625,-115.072,324.8,83.0,24.5,285.725
294,2016-09-13,D,51.73537857142857,-117.06382142857144,328.89285714285717,84.92857142857143,111.14285714285714,288.24285714285713
295,2016-09-13,N,46.5706,-80.7959,309.0,76.0,11.7,286.7
296,2016-09-14,D,50.07920285714285,-99.44387714285715,331.01714285714286,84.82857142857142,39.760000000000005,294.56
297,2016-09-14,N,53.28168000000001,-108.1626,326.52,93.8,92.1,278.98
298,2016-09-15,D,51.61576923076923,-112.81086923076924,326.04615384615386,82.23076923076923,93.01538461538462,290.4923076923077
299,2016-09-15,N,52.11978333333334,-101.65121666666666,320.9166666666667,95.0,23.516666666666666,281.6666666666667
300,2016-09-16,D,51.119483333333335,-108.10201666666667,329.75,85.5,62.31666666666666,284.90000000000003
301,2016-09-17,D,50.75418333333334,-101.01969166666667,325.8833333333333,82.16666666666667,23.924999999999997,295.35833333333335
302,2016-09-19,D,49.8117,-101.51917777777777,325.1,82.11111111111111,30.900000000000002,296.2888888888889
303,2016-09-20,D,52.84389803921568,-113.54116666666667,332.4470588235294,86.11764705882354,103.05294117647058,290.2019607843137
304,2016-09-20,N,51.78756666666667,-112.30499999999999,310.8333333333333,80.66666666666667,17.0,277.40000000000003
305,2016-09-21,D,54.2342125,-122.88631875,338.64375,88.625,54.6375,286.11875
306,2016-09-21,N,56.61299,-122.34506999999999,321.56,94.0,69.9,275.7
307,2016-09-22,D,53.20754285714286,-117.48005510204082,345.27142857142854,88.53061224489795,147.96122448979594,291.0244897959184
308,2016-09-22,N,55.0345,-124.58135,316.3,92.5,28.4,276.04999999999995
309,2016-09-23,D,51.25795,-104.22579999999999,327.325,81.5,36.425,291.05
310,2016-09-23,N,48.8215,-93.9471,310.5,80.0,35.4,278.0
311,2016-09-24,D,49.56215,-101.65594999999999,320.29999999999995,80.0,20.75,287.15
312,2016-09-24,N,55.18846666666667,-126.9894,320.09999999999997,95.0,23.366666666666664,275.40000000000003
313,2016-09-26,D,51.370425,-107.505875,320.8,77.0,29.150000000000002,290.275
314,2016-09-27,D,52.99705,-115.30468684210526,347.928947368421,87.21052631578948,180.3657894736842,289.15000000000003
315,2016-09-28,D,52.87143,-117.23210999999999,347.31,89.3,78.89500000000001,288.54499999999996
316,2016-09-28,N,54.5781,-123.34355,313.29999999999995,86.5,18.049999999999997,274.15
317,2016-09-29,D,53.492533333333334,-120.01929444444444,332.3777777777778,86.30555555555556,98.25833333333334,284.96666666666664
318,2016-09-30,D,53.3181875,-118.32948333333333,340.72083333333336,87.04166666666667,71.475,285.9916666666667
319,2016-09-30,N,55.925059999999995,-119.47108,317.24,92.0,26.419999999999998,271.91999999999996
320,2016-10-01,D,50.929202631578946,-102.97107631578947,327.90000000000003,83.02631578947368,28.15526315789474,295.2921052631579
321,2016-10-02,D,53.39056315789474,-118.34485263157895,338.60526315789474,82.05263157894737,204.03157894736842,282.7210526315789
322,2016-10-03,D,52.61766923076922,-115.97928461538461,344.3230769230769,86.6923076923077,58.11538461538461,284.2615384615384
323,2016-10-03,N,50.11645,-104.79955,327.4,100.0,50.05,276.1
324,2016-10-04,D,50.67935,-95.779575,328.725,82.5,30.3,287.225
325,2016-10-04,N,58.2236,-115.6429,359.825,99.5,131.4,274.725
326,2016-10-05,D,53.23693333333333,-122.488,346.8333333333333,87.66666666666667,62.36666666666667,279.5333333333333
327,2016-10-05,N,58.40298,-115.60716,329.96,99.2,93.16,269.84000000000003
328,2016-10-06,D,50.051117647058824,-95.33395882352941,336.2882352941176,84.82352941176471,80.70588235294117,281.8882352941177
329,2016-10-06,N,56.52963999999999,-118.99575999999999,323.36,96.4,62.6,271.12
330,2016-10-07,N,55.313871428571424,-119.96574285714284,333.1714285714285,94.0,57.228571428571435,272.09999999999997
331,2016-10-08,D,52.380675,-98.13034999999999,339.7875,88.375,67.775,280.2125
332,2016-10-09,D,49.58689999999999,-104.25259999999999,333.3333333333333,85.33333333333333,105.13333333333333,276.3
333,2016-10-10,D,51.612128000000006,-104.25284400000001,335.276,84.68,58.424,278.96
334,2016-10-10,N,46.571349999999995,-80.79345,314.54999999999995,89.0,36.25,273.5
335,2016-10-11,D,54.01432526315789,-123.69612947368421,341.29473684210524,86.9578947368421,186.1463157894737,277.50631578947366
336,2016-10-11,N,55.59085,-127.75919999999999,309.9,78.5,41.5,271.0
337,2016-10-12,D,53.18339797297297,-121.47977432432432,345.51756756756754,88.52027027027027,84.77567567567567,279.87364864864867
338,2016-10-12,N,53.86346153846154,-123.07952051282052,325.6102564102564,94.0,35.91794871794872,270.8871794871795
339,2016-10-13,D,50.522400000000005,-107.68603333333334,326.6333333333334,82.66666666666667,106.93333333333334,279.6666666666667
340,2016-10-13,N,55.679316666666665,-122.83218333333333,318.95,91.5,59.0,267.90000000000003
341,2016-10-14,D,51.0359,-121.27255,364.20000000000005,93.0,43.2,272.45000000000005
342,2016-10-14,N,53.10098000000001,-116.36976,313.54,87.0,18.380000000000003,272.15999999999997
343,2016-10-15,D,49.657625,-104.35771249999999,321.9125,79.375,54.85,284.1
344,2016-10-16,D,51.8052,-111.91845,323.65,81.5,49.375,279.825
345,2016-10-17,D,51.96586666666667,-123.28246666666666,343.1166666666666,88.0,110.01666666666667,279.55
346,2016-10-17,N,53.231075,-122.255275,316.325,90.25,30.799999999999997,270.525
347,2016-10-18,D,51.67704,-122.32087999999999,335.9,81.8,163.86,277.66
348,2016-10-19,D,50.22815333333333,-114.43756,338.7066666666667,86.86666666666666,77.28666666666666,278.92
349,2016-10-19,N,51.37490909090909,-123.34653636363636,325.9818181818182,92.36363636363636,31.41818181818182,274.8454545454546
350,2016-10-20,D,52.03615,-124.81055,335.175,82.0,147.875,278.825
351,2016-10-20,N,57.90416666666667,-116.88929999999999,344.7833333333333,100.0,68.0,269.3666666666667
352,2016-10-21,D,51.486998550724635,-120.75763768115942,345.51014492753626,87.27536231884058,77.3840579710145,279.0130434782609
353,2016-10-21,N,54.83980897435898,-121.25906410256411,323.02948717948715,92.8076923076923,36.70897435897436,272.09358974358975
354,2016-10-22,D,52.0090325,-121.14671000000001,337.09250000000003,84.575,168.14249999999998,277.1175
355,2016-10-22,N,56.60330384615384,-118.60706538461538,331.4576923076923,95.88461538461539,66.31538461538462,272.7576923076923
356,2016-10-23,D,51.99683454545454,-122.10189636363636,350.0854545454546,89.32727272727273,99.85454545454546,279.44
357,2016-10-23,N,53.066766666666666,-121.64616666666666,319.8333333333333,92.33333333333333,14.0,268.5
358,2016-10-24,D,55.102365517241374,-122.91474137931036,342.651724137931,88.27586206896552,131.29310344827587,275.7931034482759
359,2016-10-24,N,55.05506666666667,-124.39863333333334,312.2,83.66666666666667,21.766666666666666,271.1666666666667
360,2016-10-25,D,50.2954775,-119.33140499999999,344.65999999999997,87.1,77.255,279.225
361,2016-10-25,N,51.8206625,-124.9347375,334.775,98.875,121.55,272.1875
362,2016-10-26,D,53.56097857142857,-122.39205,330.64285714285717,84.42857142857143,62.57142857142857,275.6928571428571
363,2016-10-26,N,50.09804545454545,-120.76667272727272,320.92727272727274,93.54545454545455,34.236363636363635,270.92727272727274
364,2016-10-28,D,50.99999275362319,-121.99052898550724,345.7811594202899,88.28985507246377,94.15652173913044,279.3289855072464
365,2016-10-28,N,49.80095,-120.02715,316.21666666666664,90.0,21.216666666666665,272.09999999999997
366,2016-10-29,N,49.19582,-118.41754,313.52,86.4,61.2,274.16
367,2016-10-30,D,50.904336842105266,-121.92316315789475,362.5210526315789,92.36842105263158,103.47894736842106,273.62631578947367
368,2016-10-30,N,49.6276625,-119.413175,317.8375,92.375,21.9375,272.0125
369,2016-10-31,N,53.349549999999994,-124.96225,325.4,93.5,50.35,271.05
370,2016-11-01,D,52.823792727272725,-119.67418363636364,338.08909090909094,86.85454545454546,55.04727272727273,274.8818181818182
371,2016-11-01,N,58.284839999999996,-116.04282,329.32,96.6,13.9,266.41999999999996
372,2016-11-02,D,56.6207375,-119.0334375,325.96875,81.0625,58.85625,273.2875
373,2016-11-02,N,55.1814625,-120.5950375,332.925,96.75,17.225,269.8375
374,2016-11-03,D,51.59683333333333,-119.89584444444445,339.3008547008547,88.36752136752136,74.88119658119659,279.98547008547007
375,2016-11-03,N,57.767223529411766,-117.07479411764706,324.0705882352941,92.70588235294117,16.41764705882353,270.72352941176473
376,2016-11-04,D,52.55708285714286,-117.22396571428573,335.59714285714284,87.4,69.45714285714286,276.8285714285714
377,2016-11-04,N,55.71181568627451,-117.57793529411764,328.73725490196074,94.41176470588235,71.40980392156862,275.24313725490197
378,2016-11-05,D,53.28991428571428,-118.65029714285714,335.34857142857146,86.91428571428571,93.5,281.7742857142857
379,2016-11-05,N,51.669025000000005,-119.44315,317.05,93.5,51.199999999999996,273.225
380,2016-11-06,D,52.26606923076923,-114.33496923076923,339.52564102564105,87.1025641025641,84.27179487179487,279.98333333333335
381,2016-11-06,N,57.801,-117.38146666666667,319.35999999999996,91.8,39.21333333333334,271.6666666666667
382,2016-11-07,D,50.99916956521739,-105.25340869565217,329.91739130434786,82.78260869565217,71.1304347826087,282.3478260869565
383,2016-11-07,N,55.965945454545455,-120.16417272727273,322.54545454545456,97.54545454545455,83.2909090909091,272.6272727272727
384,2016-11-08,D,52.48442608695652,-119.64226,342.0147826086956,89.10434782608695,68.76173913043479,283.7313043478261
385,2016-11-08,N,55.9178,-118.73986666666667,320.46666666666664,97.33333333333333,26.833333333333332,273.8666666666666
386,2016-11-09,D,53.53138712121212,-115.84389924242424,330.7348484848485,84.90151515151516,91.08939393939393,282.67121212121214
387,2016-11-09,N,51.892533333333326,-119.94591666666666,317.575,90.33333333333333,52.21666666666667,276.7916666666667
388,2016-11-10,D,52.438947619047624,-113.10935714285714,329.747619047619,83.04761904761905,57.43333333333333,279.6
389,2016-11-10,N,54.29256,-119.135115,319.55,91.4,31.610000000000003,273.27
390,2016-11-11,D,55.07477647058823,-117.81789803921569,343.0509803921568,89.94117647058823,115.47254901960785,278.26862745098043
391,2016-11-11,N,50.6702,-122.26906666666666,333.03333333333336,100.0,43.4,271.8333333333333
392,2016-11-12,D,53.130423529411765,-115.48565294117647,336.1823529411765,87.11764705882354,102.84705882352942,278.3470588235294
393,2016-11-12,N,57.7456,-116.65565999999998,322.62,96.8,27.4,271.52
394,2016-11-13,D,51.69714666666667,-113.39701333333333,345.43333333333334,89.6,72.86666666666666,282.02666666666664
395,2016-11-13,N,52.17298888888889,-120.2213111111111,318.3333333333333,89.44444444444444,33.3,272.4888888888889
396,2016-11-14,D,53.55055833333333,-118.87408888888889,337.02916666666664,88.61111111111111,129.15972222222223,276.8013888888889
397,2016-11-14,N,52.3413,-124.8275,317.1,94.0,23.2,270.0
398,2016-11-15,D,54.28609230769231,-113.47455641025641,339.35128205128206,86.05128205128206,78.58717948717948,275.9846153846154
399,2016-11-15,N,53.885266666666666,-121.54663333333333,320.3,92.53333333333333,45.413333333333334,269.3933333333333
400,2016-11-16,D,51.83243636363636,-122.01567272727272,340.74545454545455,80.36363636363636,194.85454545454547,270.09090909090907
401,2016-11-16,N,57.86231818181818,-117.13602727272728,330.1727272727273,97.9090909090909,89.77272727272727,266.46363636363634
402,2016-11-17,D,51.54825384615385,-115.19743076923078,348.95384615384614,87.6923076923077,88.3076923076923,272.2307692307692
403,2016-11-17,N,49.803066666666666,-118.91626666666667,313.2555555555556,84.66666666666667,21.88888888888889,268.87777777777774
404,2016-11-18,D,47.780375,-89.62797499999999,328.45,83.125,23.6625,277.7625
405,2016-11-18,N,46.5758,-80.7863,309.3,77.0,21.8,274.2
406,2016-11-19,D,49.326,-120.32549999999999,349.09999999999997,90.66666666666667,100.06666666666668,274.3666666666666
407,2016-11-20,D,50.4845,-103.96056666666668,319.5,79.33333333333333,22.733333333333334,275.56666666666666
408,2016-11-21,D,50.40204,-120.12318,340.69,85.5,111.07000000000001,273.84000000000003
409,2016-11-22,N,50.04799090909091,-119.01684545454546,315.28181818181815,88.45454545454545,22.0,271.26363636363635
410,2016-11-23,D,51.61611875,-122.66891875,346.90625,84.625,294.375,274.025
411,2016-11-24,N,55.36648,-121.10956000000002,329.26,97.4,30.839999999999996,266.74
412,2016-11-25,D,52.18985,-121.20327499999999,339.6875,85.125,104.8625,269.375
413,2016-11-26,D,50.3311,-107.1966,324.9,83.0,162.2,276.9
414,2016-11-26,N,55.14726666666667,-121.23256666666667,323.43333333333334,100.0,35.6,267.96666666666664
415,2016-11-27,N,50.6377,-116.396,324.6,100.0,71.3,267.0
416,2016-11-28,D,54.566599999999994,-119.1336,367.3333333333333,92.66666666666667,152.76666666666668,272.8333333333333
417,2016-11-29,D,52.536477777777776,-118.42122222222221,339.6333333333333,81.55555555555556,130.4888888888889,271.27777777777777
418,2016-11-29,N,52.659275,-124.656325,331.225,100.0,14.325,266.0
419,2016-11-30,N,58.770680000000006,-117.30355999999999,329.26,96.6,48.019999999999996,267.9
420,2016-12-01,D,54.2346,-122.06982941176472,347.27058823529416,88.70588235294117,53.15294117647059,269.9764705882353
421,2016-12-01,N,53.85545,-123.260775,322.9,89.25,33.325,267.125
422,2016-12-02,D,53.859294999999996,-122.972395,357.3,89.8,294.07000000000005,276.04
423,2016-12-02,N,59.1399,-117.6902,332.1,100.0,0.0,266.6
424,2016-12-03,D,55.218399999999995,-119.79875714285713,345.88571428571424,87.28571428571429,80.22857142857143,271.75714285714287
425,2016-12-03,N,55.58101538461539,-121.05779999999999,319.12307692307695,91.3076923076923,29.9,268.09999999999997
426,2016-12-04,D,52.84575,-124.04335,397.29999999999995,100.0,0.0,274.15
427,2016-12-10,D,51.33383333333333,-123.0175,375.59999999999997,99.0,0.0,267.3
428,2016-12-12,D,54.951,-120.7519,391.6,100.0,0.0,267.3
429,2016-12-14,D,54.0923,-117.1195,376.7,100.0,0.0,270.0
430,2016-12-19,D,53.204658823529414,-121.38104117647059,343.27647058823527,88.52941176470588,73.45882352941176,270.6294117647059
431,2016-12-20,D,55.36326666666667,-108.37349999999999,345.06666666666666,90.33333333333333,70.5,268.8333333333333
432,2016-12-20,N,56.5774,-117.8693,326.1,100.0,31.4,266.5
433,2016-12-21,D,54.725425,-113.041975,332.55,84.58333333333333,56.26666666666667,270.84999999999997
434,2016-12-21,N,55.4944,-120.9409,332.85,92.0,55.7,267.775
435,2016-12-22,N,56.6546,-117.04518,313.58000000000004,86.2,36.22,269.1
436,2016-12-26,D,52.65989999999999,-115.91461999999999,389.28000000000003,93.6,284.7,276.2
437,2016-12-27,D,54.57894,-118.248,325.46,82.6,63.3,268.65999999999997
438,2016-12-27,N,56.837199999999996,-119.19245000000001,316.325,89.75,67.625,266.975
439,2016-12-28,D,56.015812499999996,-118.48910000000001,351.2125,89.25,127.0,271.6375
440,2016-12-29,N,56.08611,-119.04141,319.12,93.5,92.03999999999999,266.18
441,2016-12-30,D,53.844433333333335,-116.72611666666667,360.7833333333333,92.5,51.31666666666666,269.8666666666666
