,longitude,latitude,date,month,daynight,10m_u_component_of_wind,10m_v_component_of_wind,2m_temperature,soil_temperature_level_1,soil_temperature_level_2,soil_temperature_level_3,soil_temperature_level_4,soil_type,total_precipitation,volumetric_soil_water_layer_1,volumetric_soil_water_layer_2,volumetric_soil_water_layer_3,volumetric_soil_water_layer_4
0,-119.444,54.5219,2011-01-03,01,D,2.9579132,2.820849,263.66345,271.49313,270.8303,272.24142,274.50635,2,5.547579e-07,0.32169473,0.32031813,0.3222953,0.32812333
1,-117.21282000000001,54.6211,2011-01-06,01,D,7.587906,0.42153442,274.41174,272.61887,271.56036,272.6475,275.3741,2,1.09297815e-07,0.37007987,0.3649203,0.35299847,0.35248506
2,-120.8606,51.1213,2011-01-07,01,D,-2.7396016,2.3116775,271.69473,271.72388,270.94717,272.65985,275.23877,2,7.109018e-05,0.28647983,0.28887856,0.2814534,0.2907619
3,-119.0943,54.3332,2011-01-22,01,N,4.744006,4.3513527,275.6462,272.5345,271.72885,272.50436,273.9657,2,0.0,0.307686,0.30931255,0.3160057,0.32483098
4,-116.14245,56.10894999999999,2011-01-24,01,D,2.2322757,3.9042435,269.6286,269.12216,270.61105,271.85785,273.9077,3,2.79463e-05,0.24397363,0.227161,0.24683009,0.27596185
5,-117.20994,52.787040000000005,2011-01-25,01,D,1.8204236,2.567905,264.90097,272.5331,272.17578,272.57538,273.62198,1,1.4214691e-05,0.24008772,0.24355894,0.22748706,0.2871762
6,-120.9825,50.2208,2011-01-25,01,N,0.9731614,2.4252844,276.7233,273.28696,271.95447,272.48135,274.2443,2,9.054708e-07,0.3363253,0.33121732,0.30446282,0.29837757
7,-119.47919999999999,52.9393,2011-01-26,01,D,0.19420403,1.5148883,269.61298,272.9884,272.82004,273.2095,273.86804,1,0.0008548434,0.22805089,0.22954655,0.23610115,0.27383274
8,-119.35965714285715,53.25814285714286,2011-01-27,01,D,-0.29106683,1.6184188,270.33765,272.9137,272.81284,273.13635,273.80533,1,1.8437178e-05,0.24343225,0.24907106,0.25620532,0.28481364
9,-116.2723,53.3777,2011-01-27,01,N,4.3342185,0.23615074,280.9674,273.04358,272.04987,273.01605,275.47253,2,2.2617547e-07,0.5631767,0.5146427,0.517722,0.5404808
10,-116.15915,54.2491,2011-02-01,02,D,1.0257653,1.2693936,246.11038,268.8759,271.72882,272.4154,273.9015,2,0.0,0.35667646,0.3545082,0.33616206,0.3398856
11,-116.3729875,54.097775,2011-02-02,02,D,4.65751,-0.8772048,271.24673,271.5535,271.65256,272.488,273.9637,2,0.0,0.36274463,0.36130965,0.3458312,0.350235
12,-117.93945000000001,55.74041666666667,2011-02-03,02,D,4.305047,2.3815978,277.21127,272.65976,271.26364,272.31473,274.35596,4,0.0,0.38520893,0.301082,0.25252563,0.2982837
13,-121.7424,56.6799,2011-02-03,02,N,2.1942246,2.0448873,276.01157,272.5421,271.59915,272.08646,273.84274,2,0.0,0.2600528,0.23052022,0.18015581,0.22410372
14,-123.4517,53.0971,2011-02-05,02,N,-0.17315054,-1.1590793,271.6941,272.66345,271.9151,272.07553,273.85983,2,0.0,0.37147924,0.3587476,0.3304238,0.3341278
15,-116.1654,54.153800000000004,2011-02-09,02,D,4.4870396,-1.4313521,257.02792,269.67392,271.79404,272.44266,273.86325,2,0.0,0.36851826,0.36738783,0.337406,0.34325102
16,-116.2083,54.2991,2011-02-11,02,N,2.6840875,1.1232398,277.45456,272.8839,271.91602,272.41214,273.83044,2,2.8182288e-07,0.36572585,0.3638991,0.3348834,0.34088498
17,-115.43416666666667,54.52146666666667,2011-02-12,02,N,0.28078756,1.5557019,276.17685,272.70813,271.788,272.18192,273.76413,2,1.6688868e-05,0.38053617,0.37979797,0.34495902,0.34153
18,-116.0472,54.0755,2011-02-14,02,D,1.3712063,1.737133,267.56696,272.6019,272.1205,272.4597,273.83112,2,0.0,0.35873216,0.36183575,0.33704185,0.3411535
19,-115.09675,55.606899999999996,2011-02-21,02,D,3.934583,1.6910594,258.64792,268.618,271.35904,272.446,273.94168,2,2.098201e-06,0.35241613,0.33966097,0.3017482,0.3217709
20,-118.54636666666666,53.97563333333333,2011-03-14,03,D,1.0149567,2.2725923,267.64362,271.63895,271.52692,272.5901,273.5285,2,9.30977e-08,0.26611382,0.26565158,0.263691,0.30704114
21,-118.66145,54.0079,2011-03-15,03,D,-0.06896374,1.8883733,266.53046,272.48172,271.55356,272.5657,273.6227,2,0.0,0.29742754,0.29521415,0.29450333,0.32218423
22,-121.65226666666666,56.46635,2011-03-17,03,D,2.3720734,2.345502,264.1029,269.37186,271.6235,272.2317,273.63556,1,0.0,0.25213158,0.24528077,0.18625724,0.21116519
23,-121.65635,56.46565,2011-03-18,03,N,-0.040462136,0.09464528,272.84598,270.89914,271.5254,272.23038,273.62756,1,3.861589e-07,0.25259054,0.2447602,0.18629539,0.21126491
24,-123.60673333333334,52.94136666666666,2011-03-23,03,D,0.2986513,1.0239238,264.73083,271.74222,272.3761,272.2786,273.56558,2,0.0,0.35107437,0.34751192,0.32743263,0.3265308
25,-125.6655,53.7116,2011-03-24,03,D,-1.4225075,-1.6220288,269.30438,272.72256,271.79703,271.41324,273.38766,2,0.0,0.36589074,0.37047637,0.34604412,0.35702002
26,-126.23663333333333,54.444966666666666,2011-03-24,03,N,-3.0882597,0.39744058,277.96243,273.0101,272.71213,272.88818,273.7296,2,5.035934e-06,0.33063105,0.33042154,0.33531943,0.34895015
27,-122.8393,51.7061,2011-03-25,03,D,-0.06818545,0.27264017,269.70886,273.5204,272.71667,272.65897,273.6896,2,0.0,0.32339656,0.31481698,0.2932226,0.29902053
28,-123.04218181818182,51.683336363636364,2011-03-26,03,D,-0.10276744,1.5787667,271.78787,273.47174,272.70633,272.607,273.65784,2,8.60871e-07,0.32697693,0.30852723,0.29209068,0.29971495
29,-123.2773,52.823,2011-03-27,03,N,-1.3467294,0.7143789,280.63116,272.6011,272.5653,272.51312,273.6246,2,3.4200784e-05,0.3726748,0.34574887,0.31906435,0.3285894
30,-122.51375,54.528999999999996,2011-03-28,03,D,-0.9781778,-0.6135032,268.239,272.93686,272.5549,272.8356,273.70178,2,1.2286266e-08,0.32632005,0.32872167,0.3196558,0.3314341
31,-92.75226666666667,48.313966666666666,2011-03-29,03,D,1.0382811,-0.42055503,262.4414,270.62158,272.09396,272.8928,273.8381,1,0.0,0.2796483,0.28175715,0.2671768,0.2628231
32,-107.81866666666667,50.010333333333335,2011-03-30,03,D,3.5178092,2.2029724,268.27444,272.3849,271.41742,272.4305,273.85913,2,0.0,0.3338265,0.31493542,0.27005896,0.21167488
33,-123.5856,54.00726666666667,2011-04-01,04,D,2.679935,1.6215235,270.27728,272.9194,272.68002,272.89832,273.7921,2,0.0,0.42215717,0.42668775,0.38830623,0.35130712
34,-123.52244999999999,53.429249999999996,2011-04-01,04,N,0.6502018,-1.134754,278.75613,274.99948,272.85535,272.40802,273.57825,2,5.949535e-05,0.3937998,0.40029943,0.36909187,0.33758348
35,-125.6806,53.7085,2011-04-02,04,D,1.7848186,-0.7820282,269.49005,272.93307,272.6586,271.66287,273.35062,2,6.7304495e-07,0.36487794,0.37196213,0.34824896,0.3571235
36,-111.51713333333333,51.9994,2011-04-02,04,N,-1.9062983,-4.475039,273.93445,272.74014,271.7818,272.38428,273.78467,2,5.6449077e-05,0.37883008,0.3067954,0.2561655,0.24146011
37,-118.64,53.8977,2011-04-04,04,D,1.5592289,2.0029097,270.52945,272.84647,272.37762,272.5342,273.47318,2,2.233716e-05,0.2715196,0.27538028,0.26962212,0.31046975
38,-110.6808,53.1696,2011-04-08,04,D,3.4221234,2.6266854,266.69656,272.89725,272.04736,272.28217,273.71045,2,0.0,0.39238173,0.3674305,0.22763596,0.21397421
39,-121.08500000000001,50.5843,2011-04-08,04,N,1.248862,0.2293877,281.0178,273.42712,273.26913,272.1032,273.5736,2,0.0,0.3155101,0.31485,0.28917807,0.27857766
40,-110.8233,55.8944,2011-04-09,04,D,2.1419241,1.9186794,272.8826,272.6117,271.77463,272.09692,273.9463,6,3.93675e-06,0.6982718,0.68769157,0.5951545,0.60935456
41,-118.11545,54.10535,2011-04-12,04,D,2.860221,0.49039868,266.51773,272.52603,272.5213,272.50684,273.61752,2,0.0,0.36363503,0.3588803,0.3271732,0.35021612
42,-120.62075,50.331900000000005,2011-04-15,04,N,0.006915761,1.8979869,279.17484,275.7792,273.7094,272.38132,273.5934,2,0.0,0.28783947,0.29330805,0.27697882,0.27730784
43,-111.6269,58.5544,2011-04-19,04,D,1.0283808,0.8923667,266.6488,268.70795,272.0352,272.20648,273.3694,2,0.0,0.28851864,0.29551315,0.23922314,0.22619472
44,-111.6947,58.5013,2011-04-20,04,D,1.9461657,2.7583387,271.17645,272.12677,272.18854,272.28506,273.37012,2,0.0,0.2716717,0.27963036,0.23237856,0.21743521
45,-127.772,55.1187,2011-04-20,04,N,2.2333488,-0.507492,275.60477,272.67316,272.5995,272.33728,273.30365,2,8.278252e-05,0.28399894,0.28684554,0.28973836,0.33023423
46,-110.97913333333334,53.277366666666666,2011-04-21,04,D,0.053622827,1.835252,267.77124,272.7832,272.6208,272.34406,273.65222,2,0.0,0.40720248,0.4110919,0.30694386,0.21786746
47,-126.2272,54.4431,2011-04-21,04,N,3.6750836,-1.0174403,277.5504,273.00195,272.82663,272.96072,273.65912,2,2.113954e-05,0.33050886,0.3319026,0.3308425,0.34523818
48,-114.34649999999999,52.6158,2011-04-23,04,N,2.1654634,-0.06543844,283.51318,280.67343,274.27734,271.69916,273.0456,2,0.0,0.34587592,0.3550847,0.36014155,0.34509876
49,-121.93115,53.08125,2011-04-24,04,N,0.11294411,2.7924058,284.60086,275.07397,273.07068,273.04034,273.71954,2,0.0,0.34782255,0.3417622,0.34254757,0.36307016
50,-107.8462,51.795275000000004,2011-04-25,04,D,-3.1457553,-1.2907497,272.16443,274.9221,277.26727,272.05386,273.55316,2,0.0,0.35086864,0.35636196,0.35472664,0.28285408
51,-107.07779999999998,52.196733333333334,2011-04-27,04,D,1.1636821,1.6031348,275.4756,277.3593,278.60938,272.17883,273.48325,2,0.0,0.3124003,0.310577,0.33070812,0.26215005
52,-97.6849125,50.337337500000004,2011-04-28,04,D,-0.58511704,2.0087683,274.80978,275.0646,277.55655,271.94476,273.01923,4,0.0,0.39798504,0.3962629,0.38116726,0.38674268
53,-97.7156,49.2873,2011-04-29,04,D,-1.4885478,4.8325505,280.90057,280.13693,280.0449,272.65363,273.51013,4,0.0,0.37016523,0.3761203,0.37721467,0.37866443
54,-115.5075,55.16335,2011-05-01,05,D,2.5681124,1.6210412,272.70505,273.19666,274.1443,272.27643,273.39267,3,0.0,0.35161784,0.3559262,0.34237525,0.2953425
55,-119.656,54.5663,2011-05-01,05,N,3.4621928,0.95782256,283.41553,276.23373,273.71445,272.35733,273.43628,2,0.0,0.3725356,0.37230623,0.34874594,0.32424578
56,-79.40723333333334,48.04886666666667,2011-05-02,05,D,2.7214413,0.54229796,277.99802,278.53574,278.2462,271.86887,272.75455,2,0.0,0.3284922,0.33295158,0.33589664,0.2987589
57,-105.7511,53.2436,2011-05-02,05,N,2.079739,0.12577552,290.3053,284.56827,278.02475,272.63498,273.5168,2,7.177656e-08,0.28158197,0.29075152,0.33193254,0.30369234
58,-109.73348333333333,51.98163333333333,2011-05-03,05,D,2.5967264,3.8077304,280.01526,279.73865,279.53232,273.11,273.6916,2,0.0,0.28951266,0.27872685,0.26191992,0.20838773
59,-114.25416666666666,54.23283333333333,2011-05-04,05,D,5.2693877,-1.223667,277.49142,277.25677,278.21585,272.64816,273.51083,2,0.0,0.39494392,0.3929601,0.38921216,0.33236855
60,-103.42585454545456,52.04614545454546,2011-05-05,05,D,3.4459174,0.5273139,275.3745,275.88065,276.77267,272.9312,273.63284,2,0.0,0.35515037,0.32856044,0.35336208,0.36022568
61,-118.8596,56.3241,2011-05-06,05,D,1.585011,-0.29497895,274.58536,275.64816,277.24747,272.4362,273.58432,4,0.0,0.3715138,0.3766515,0.34138712,0.31896913
62,-121.3088,56.6658,2011-05-07,05,D,-1.109085,-0.45152602,274.49646,274.8929,276.53235,272.59418,273.48672,2,0.0,0.32021865,0.3217828,0.26401985,0.22246419
63,-106.6579,53.30402,2011-05-09,05,D,-0.61598945,-1.2676177,273.02484,274.874,276.12866,273.17877,273.53036,2,0.0,0.32391536,0.3243909,0.32809472,0.31633002
64,-96.49055,50.27641666666667,2011-05-10,05,D,-3.1006851,-1.34237,282.44196,280.96033,280.21765,274.57574,274.17413,5,4.2079173e-05,0.47070706,0.46956804,0.45341444,0.45248148
65,-107.54696842105263,52.681515789473686,2011-05-11,05,D,-2.0067582,-0.36953145,274.50415,276.67474,278.42755,273.01044,273.39975,2,0.0,0.26305312,0.26685202,0.31154907,0.29378802
66,-96.80296666666668,50.49583333333334,2011-05-11,05,N,3.9139078,-3.2299347,278.36478,277.7777,277.78186,273.6038,273.53122,0,3.7784695e-05,0.32710993,0.33171785,0.32275397,0.31090766
67,-111.09052352941177,55.94619411764705,2011-05-12,05,D,-3.875023,3.137617,280.44608,281.13086,281.1905,272.332,273.81415,6,0.0,0.5987604,0.6106212,0.60698825,0.59554726
68,-106.1708,53.4564,2011-05-12,05,N,-5.4976788,1.1145285,288.18912,284.4525,279.12625,273.3605,273.56543,3,0.0,0.31037793,0.31672946,0.32784948,0.31709254
69,-104.81525555555555,52.85215925925926,2011-05-13,05,D,-2.6540895,-1.1582253,274.3484,275.69583,277.67004,272.30557,272.92688,2,0.0,0.34849334,0.33915687,0.37456805,0.3688089
70,-109.75457272727273,53.84868,2011-05-14,05,D,-1.9324254,3.1095257,275.6603,276.50327,279.83218,273.94363,273.5134,3,0.0,0.2894731,0.277364,0.303176,0.27921155
71,-113.48605127737225,55.68987974452555,2011-05-15,05,D,-2.5693836,4.499169,281.45242,282.08405,281.99527,272.81366,273.68826,6,0.0,0.43566313,0.461373,0.4893293,0.46243706
72,-114.38200052083333,56.229303125,2011-05-15,05,N,-5.079717,6.6402836,293.10245,288.89908,282.66977,272.76266,273.71185,3,0.0,0.45151556,0.47825822,0.49233282,0.48646036
73,-111.72931983471075,57.06099818181818,2011-05-16,05,D,-2.066219,4.1186433,286.04758,286.35715,284.3287,273.10635,273.9054,6,0.0,0.50657326,0.53636074,0.55071634,0.55232173
74,-112.9178504587156,56.79335366972477,2011-05-16,05,N,-1.1273855,3.0492303,297.4478,291.94293,284.16208,272.769,273.85458,6,0.0,0.5242852,0.55801886,0.5882491,0.5815559
75,-112.85686948051949,56.65663701298702,2011-05-17,05,D,-2.183676,1.3384192,283.89462,284.09137,284.42978,272.75803,273.91205,6,0.0,0.5570794,0.5884185,0.62342316,0.6141715
76,-111.05561578947369,57.51548026315789,2011-05-17,05,N,-0.5029741,1.6283965,298.98425,294.90082,286.16138,275.72357,273.63406,6,0.0,0.28676528,0.3413137,0.37230158,0.40959045
77,-107.72344130434783,53.217402173913044,2011-05-18,05,D,-1.5849255,2.2126257,283.1871,282.8309,281.25302,273.17868,273.23233,2,0.0,0.3007946,0.23404658,0.28957227,0.31531492
78,-110.88764210526314,57.437436842105264,2011-05-18,05,N,-0.23517418,2.438468,292.69714,290.63058,285.75818,275.13303,273.6748,6,3.818124e-05,0.35717386,0.40644658,0.4410491,0.4759087
79,-110.47340962566845,56.85638983957219,2011-05-19,05,D,-0.9830854,-1.7900399,280.6451,279.65198,283.09192,272.66458,273.61813,6,0.0,0.48863447,0.5234894,0.56580067,0.5772502
80,-111.09385789473684,57.5266350877193,2011-05-19,05,N,-0.07533961,-2.0604541,298.35046,294.38907,285.33932,276.67014,273.63403,6,5.924505e-07,0.26956546,0.32130623,0.35616168,0.39471418
81,-111.12970780141845,57.490563829787234,2011-05-20,05,D,0.40577257,-2.772404,283.71912,283.69562,285.4765,276.6637,273.6587,6,0.0,0.28288016,0.33303943,0.36710447,0.40436465
82,-111.6396681818182,57.395022727272725,2011-05-20,05,N,-1.3165809,-2.1183264,296.94113,293.65588,285.73364,275.64175,273.67355,3,5.759254e-07,0.3178995,0.36171854,0.38824216,0.40717897
83,-112.07141600000001,57.813311999999996,2011-05-21,05,D,-0.01722708,-0.94352937,282.8218,280.538,282.53836,274.82748,273.2715,2,0.0,0.22270219,0.26038462,0.3059457,0.31696188
84,-111.40455,57.5672,2011-05-21,05,N,-1.0733109,-2.6868722,297.6427,295.2494,286.68634,278.1729,273.54453,1,2.5868078e-06,0.19355354,0.2451424,0.27976763,0.31551766
85,-110.21885362318841,57.28407246376812,2011-05-22,05,D,-3.2330885,-1.9821445,283.7584,284.36066,284.7485,275.4459,273.19263,6,9.849916e-06,0.26746905,0.31494805,0.36322203,0.3938228
86,-111.1640923076923,57.6645923076923,2011-05-22,05,N,-2.636624,-4.970611,287.23172,288.62402,285.88467,279.66522,273.53244,1,0.0,0.15094206,0.20581363,0.24451299,0.28584233
87,-111.28150655737706,57.79990163934426,2011-05-23,05,D,-1.7896849,-1.0600569,274.60294,275.45187,282.8974,280.05743,273.51193,1,0.0,0.12352983,0.17825635,0.21685736,0.26190537
88,-111.53004999999999,57.69,2011-05-23,05,N,-1.1612372,-2.403608,288.38657,286.0845,281.78055,279.27988,273.45807,1,0.0,0.1548105,0.18323939,0.22399634,0.2587295
89,-110.75904659090908,57.37993977272727,2011-05-24,05,D,-1.3516688,-0.32447088,273.6264,273.5525,279.81073,274.89783,273.71686,6,0.0,0.44014755,0.44511303,0.49196374,0.5269139
90,-110.96011666666668,57.571625000000004,2011-05-24,05,N,-0.34726584,-3.6257155,289.81393,287.4824,281.3987,277.4209,273.67078,6,0.0,0.31347108,0.30779546,0.35221517,0.39409146
91,-110.97197285714286,57.46237928571429,2011-05-25,05,D,-1.7142606,-0.24397723,274.55307,274.72556,280.58862,276.6379,273.75797,6,0.0,0.3858633,0.35867676,0.3995017,0.43743154
92,-109.99911428571428,57.11215238095238,2011-05-25,05,N,0.07126907,-0.23509209,290.9596,287.3822,281.0992,276.66074,272.99695,1,0.0,0.22947226,0.22301276,0.27448323,0.3078631
93,-108.78438559322035,56.18392372881356,2011-05-26,05,D,1.9186374,0.4653824,278.23016,275.78827,279.34924,278.14282,275.11353,0,0.0,0.06758394,0.08329039,0.11317558,0.13558397
94,-111.27407586206895,57.80776551724138,2011-05-26,05,N,0.19520706,-1.1415635,294.19745,290.2614,283.43262,279.44626,273.57553,1,0.0,0.27492115,0.17489797,0.21130697,0.25915155
95,-111.35023306122449,57.65365714285714,2011-05-27,05,D,0.6494189,-1.2585515,278.5399,277.1207,281.9927,279.29025,273.5675,1,0.0,0.28926432,0.20603682,0.22928894,0.2696644
96,-111.41191818181818,57.623409090909085,2011-05-27,05,N,-1.4931427,-5.1490903,291.80246,289.9259,283.51822,278.37875,273.65057,6,0.0,0.3568723,0.28802875,0.29641822,0.33567962
97,-111.34815930232557,57.64995930232558,2011-05-28,05,D,-0.74991906,-2.8219604,276.7457,277.791,282.68668,279.28775,273.62265,1,0.0,0.2786761,0.22281663,0.24496137,0.28878552
98,-111.45606326530613,57.51102040816326,2011-05-28,05,N,-0.4645793,-3.2509944,284.00357,284.55212,282.10443,278.72873,273.65622,1,0.0,0.38593966,0.28423893,0.2896783,0.3278597
99,-113.72508888888889,58.13674074074074,2011-05-29,05,D,-0.9678722,1.6555305,274.60434,275.52182,281.16095,277.7209,273.62952,3,0.0,0.36857098,0.33551005,0.39488143,0.39060697
100,-111.31559999999999,57.5286,2011-05-29,05,N,0.09589888,-0.7736683,288.60162,285.99872,280.99606,278.43518,273.71796,6,0.0,0.4255563,0.31406033,0.30413067,0.34642676
101,-119.82461931818183,59.57258068181818,2011-05-30,05,D,-1.3318728,2.0019317,278.50714,278.8609,282.44556,272.8619,273.68787,6,0.0,0.54779744,0.56915224,0.5805046,0.56586796
102,-111.15923333333335,57.78109166666667,2011-05-30,05,N,0.005529874,-0.17024684,293.81912,288.70398,282.7314,279.46643,273.66458,1,0.0,0.31994686,0.19988352,0.21095096,0.2596992
103,-114.33185982905984,58.366407692307696,2011-05-31,05,D,0.17169015,0.43469656,276.712,275.24216,281.14178,276.1439,273.6201,3,0.0,0.39116365,0.36318403,0.43254927,0.41901147
104,-115.97052222222221,58.94947777777778,2011-05-31,05,N,0.62869006,-0.6094348,295.41858,290.00815,282.00204,274.14273,272.73907,6,1.24557955e-05,0.46680227,0.47376823,0.5300116,0.5649939
105,-114.98658571428571,58.34517891156462,2011-06-01,06,D,-0.34351626,1.503527,279.8323,278.29108,282.43204,276.2532,273.41257,1,0.0,0.38168427,0.34878603,0.41956958,0.40886974
106,-115.29529047619047,58.738570476190475,2011-06-01,06,N,2.0659807,4.1764865,294.87665,290.20218,282.5343,274.06143,272.80176,6,0.0,0.4692116,0.4667873,0.53528947,0.55093104
107,-112.87077431693989,58.40692404371585,2011-06-02,06,D,1.0631196,3.7096796,284.5637,284.19803,283.96997,275.60992,273.66376,6,0.0,0.4465894,0.39424717,0.45185605,0.4347372
108,-115.03899587628867,58.5369144329897,2011-06-02,06,N,0.58070886,-3.3550196,289.3559,289.2425,284.5125,277.37534,273.4618,5,4.107874e-05,0.34399986,0.31358916,0.38409227,0.37238866
109,-135.8278076923077,63.16776923076923,2011-06-03,06,D,-1.1707366,-1.1734992,275.19434,277.79398,283.41705,281.73337,273.6128,2,0.0,0.21691614,0.2490327,0.28211048,0.29811278
110,-136.11556666666667,63.49453333333333,2011-06-03,06,N,-2.4911911,0.5710895,287.5944,288.11475,282.70013,281.86758,273.60092,2,0.0,0.18921387,0.2196151,0.25789753,0.27124527
111,-135.8708,62.2608,2011-06-04,06,D,-1.5679975,2.6389203,282.65326,283.0817,284.48575,282.5641,273.4655,1,0.0,0.102878846,0.13582012,0.14748688,0.1936369
112,-134.3689,63.07935,2011-06-04,06,N,0.5558903,1.9798442,287.2073,288.76257,284.73987,282.4176,273.7064,1,2.7325652e-05,0.08675645,0.12754247,0.15882944,0.1972666
113,-112.5185451219512,58.36956951219512,2011-06-05,06,D,1.0511193,0.47992364,275.62726,274.62573,277.2639,276.95486,273.64563,2,0.0,0.36736894,0.344363,0.39380094,0.38088933
114,-111.30600000000001,57.9509,2011-06-05,06,N,2.8628037,-3.711748,288.34808,285.00272,280.39127,279.52133,273.7753,1,5.479412e-07,0.20664433,0.16187139,0.16840088,0.21580586
115,-110.76809102167182,57.8714560371517,2011-06-06,06,D,1.286504,0.7524235,277.3394,276.18353,279.7905,278.97934,273.80988,1,0.0,0.23473808,0.19018596,0.20558159,0.26230168
116,-110.70143636363636,58.11538181818182,2011-06-06,06,N,2.7147436,-4.140808,291.59158,288.54453,282.8854,279.4402,273.78397,1,5.980216e-07,0.15027082,0.11230096,0.14459325,0.20504247
117,-112.36106476190476,57.93510761904762,2011-06-07,06,D,0.24303725,-2.6670716,277.12784,277.73755,280.29248,277.0985,273.3313,2,0.0,0.3030155,0.28670266,0.31053206,0.3365235
118,-111.67803235294117,57.998661764705886,2011-06-07,06,N,0.5915791,-3.3241644,286.42227,284.4742,282.2616,279.22202,273.74432,2,0.0,0.2297799,0.20752798,0.22109067,0.25900128
119,-111.78821503759399,58.02826503759398,2011-06-08,06,D,1.554667,1.1977726,275.70007,274.89734,280.11307,279.2278,273.9665,2,0.0,0.2410981,0.22035508,0.23643698,0.27022368
120,-116.74837111111111,58.9882,2011-06-08,06,N,1.1519519,3.5601954,294.0051,288.45135,281.35632,276.1229,273.6049,5,0.0,0.42354286,0.4088907,0.48112753,0.4819601
121,-110.7338996,58.1704088,2011-06-09,06,D,0.49177715,3.1113462,281.61142,281.09964,283.76907,279.79712,273.85654,1,0.0,0.123342596,0.09690625,0.13982682,0.20053217
122,-111.03117966101695,58.39845847457627,2011-06-09,06,N,1.0692964,1.4686751,297.23065,294.2132,286.34,280.22366,274.22992,1,0.0,0.1126891,0.105502576,0.1497247,0.20157821
123,-110.02308264984227,57.66461135646687,2011-06-10,06,D,0.584018,2.015659,286.1703,285.04254,284.70465,279.16638,273.44388,1,7.957015e-08,0.17667027,0.15943998,0.19431973,0.24816768
124,-109.59852264150943,58.16605094339622,2011-06-10,06,N,3.990798,0.9492782,300.07443,295.88925,287.6552,279.93494,273.59937,1,0.0,0.09949908,0.10884999,0.16785042,0.21339239
125,-105.87230161290323,56.84981451612904,2011-06-11,06,D,1.3759193,3.1977494,286.55225,286.43237,286.21814,279.1126,272.51178,1,0.0,0.09132281,0.096124135,0.16201408,0.21536094
126,-110.08686521739129,58.18136956521739,2011-06-11,06,N,2.779501,-1.0563457,292.942,292.3848,288.36566,281.23624,273.86316,1,1.0222557e-05,0.105048746,0.09966507,0.15364255,0.20999002
127,-106.86462162162162,57.83639189189189,2011-06-12,06,D,-2.4724145,-0.54655457,283.0109,284.00296,285.72604,279.7684,272.72183,1,6.963827e-05,0.08268172,0.098525204,0.16394012,0.20722675
128,-109.469534375,57.2120390625,2011-06-12,06,N,-0.13542092,-0.15016621,294.5853,292.2708,287.07507,280.76602,272.96658,1,1.971765e-05,0.12864865,0.103740074,0.15129504,0.21569824
129,-108.08612777777779,57.99336666666667,2011-06-13,06,D,-0.96298105,1.2942863,284.99686,284.94797,285.92343,280.03256,272.66724,1,2.5322493e-05,0.063723326,0.0743757,0.1411822,0.20885313
130,-112.24837777777778,58.30872222222222,2011-06-13,06,N,0.48574257,-0.8979928,296.77182,293.21356,287.5303,282.23044,276.17508,2,4.8835295e-06,0.25172406,0.25216666,0.2956919,0.30845162
131,-108.67768223684209,57.244419736842104,2011-06-14,06,D,-1.6721388,-1.1239296,285.1217,283.8323,286.49582,281.44672,272.84045,1,0.0,0.10250676,0.090789996,0.15279572,0.21505281
132,-110.08765666666666,58.331183333333335,2011-06-14,06,N,-1.7434018,-2.825631,297.45898,296.84454,289.39294,282.46515,274.16272,1,0.0,0.09838914,0.09663915,0.15251847,0.20960729
133,-103.60341136363637,56.73421704545455,2011-06-15,06,D,-2.7393754,-1.5804772,285.07556,286.31204,286.1224,281.4531,273.41397,1,2.421075e-07,0.14934851,0.10123349,0.15378189,0.21856499
134,-108.99876438356165,58.82715616438357,2011-06-15,06,N,-5.2903247,-2.0103805,295.01358,293.97134,288.13205,282.1517,274.12064,1,0.0,0.07423317,0.0953756,0.15024953,0.18934827
135,-92.0751409090909,53.56918636363636,2011-06-16,06,D,-2.409284,-0.86853147,289.0799,289.10593,287.8517,276.68088,273.4865,6,0.0,0.51347303,0.5388499,0.5819872,0.6212504
136,-109.92127272727272,59.51344242424243,2011-06-16,06,N,-5.5567527,-1.1990408,287.10306,286.08582,285.35016,281.6846,274.8004,1,1.2761695e-05,0.05082407,0.07863986,0.11886615,0.15565515
137,-97.98812000000001,53.642425,2011-06-17,06,D,-5.480286,-1.5652425,287.84457,287.03076,286.8654,284.01904,282.2419,6,0.0,0.24606173,0.23893386,0.22433938,0.23516996
138,-89.76445714285715,51.26914285714286,2011-06-17,06,N,-4.1190195,-0.6342255,296.75137,296.08643,290.71844,284.3392,276.0011,1,0.0,0.114729114,0.15855008,0.15232553,0.23639989
139,-98.91276500000001,57.69491125,2011-06-18,06,D,-4.975521,0.66476303,282.89197,282.25635,281.7352,277.05923,271.74802,1,0.0,0.19390966,0.2212372,0.26843405,0.3165332
140,-94.18845555555555,55.56422222222222,2011-06-18,06,N,-4.065309,1.8245153,293.9817,290.48355,285.60355,279.0982,272.9156,2,0.0,0.28735217,0.299124,0.33303204,0.36962643
141,-109.35260384615384,59.38516794871795,2011-06-19,06,D,-5.705074,-0.024884833,284.62415,282.20706,282.05283,279.61774,276.00635,0,0.0,0.018954642,0.033397477,0.05545516,0.08335574
142,-109.86373148148148,59.52773703703704,2011-06-19,06,N,-4.8943295,-0.86724484,293.2584,292.3921,286.79724,281.99893,275.16824,1,2.2933935e-07,0.04628498,0.07346035,0.11339268,0.1532492
143,-106.38185621621622,59.0614691891892,2011-06-20,06,D,-3.129855,0.81726104,287.11,286.92563,287.0177,281.84045,272.7551,1,0.0,0.09199576,0.10848481,0.16852829,0.22037257
144,-109.5877507936508,59.46186349206349,2011-06-20,06,N,-6.7253356,-1.0188966,289.53915,286.96045,283.15198,280.71353,277.1268,0,0.0,0.018089829,0.036790337,0.057588782,0.08012478
145,-106.86842954545455,59.46675738636363,2011-06-21,06,D,-2.674591,1.4450104,288.9049,288.29358,287.86075,282.0753,272.85925,1,0.0,0.07252582,0.10021371,0.16003287,0.2124179
146,-109.31241,59.72513875,2011-06-21,06,N,-4.4134464,2.5675585,291.36398,290.43802,284.92496,280.7284,274.92984,0,5.5335736e-06,0.029265888,0.04990508,0.08028844,0.12557444
147,-105.88856497175142,58.97780056497175,2011-06-22,06,D,-1.4668844,1.7174083,290.50916,289.87506,289.18643,282.54932,272.70575,1,0.0,0.062060256,0.0979071,0.16575888,0.21975191
148,-107.2772925,59.421505,2011-06-22,06,N,-2.3247025,3.3679085,293.36465,292.91794,289.4801,282.81238,273.1327,1,0.000116692936,0.075146675,0.092335135,0.15467675,0.20913242
149,-104.09062101449275,58.52912173913043,2011-06-23,06,D,-1.638876,1.8551412,284.49634,285.65402,287.1674,282.34024,272.684,1,0.00027440328,0.11256892,0.14019884,0.16326147,0.23415607
150,-103.234625,57.96795,2011-06-23,06,N,-3.4798799,-0.01238566,288.652,286.21213,283.66763,280.59726,274.75937,1,4.5534478e-07,0.08928661,0.086014494,0.10803488,0.14360651
151,-106.91160821917809,58.350107534246575,2011-06-24,06,D,-3.9729505,-0.5095545,284.07935,284.7354,287.0076,282.70508,272.77722,1,4.9370283e-05,0.18082103,0.10763901,0.16586776,0.22147484
152,-104.38234375,58.259671875,2011-06-24,06,N,-4.6196094,1.1545888,292.40598,291.64694,286.87268,282.3186,272.65723,1,0.0,0.13925266,0.13740814,0.16200739,0.23442864
153,-113.3606475,61.20064166666667,2011-06-25,06,D,-1.1133164,-1.2872902,286.9346,286.40662,288.6798,284.2297,274.7212,4,0.0,0.24685238,0.26292422,0.31914535,0.34162667
154,-106.03183461538461,58.480784615384614,2011-06-25,06,N,-3.8347735,1.8234144,293.44797,292.25128,288.16013,282.93884,272.74658,1,3.8780337e-05,0.15153176,0.10398356,0.16664954,0.22733681
155,-111.79833068965517,60.13909586206897,2011-06-26,06,D,-1.910232,-4.7495117,279.51028,281.87256,288.78015,284.70135,273.308,1,0.0,0.17828651,0.14896235,0.20859995,0.24561971
156,-109.86717784431137,59.7870245508982,2011-06-26,06,N,0.7786465,-3.7959595,286.91263,289.29745,286.73126,283.84363,273.3688,1,0.0,0.087544076,0.1020199,0.15618986,0.20514803
157,-117.48793905325444,61.081547928994084,2011-06-27,06,D,1.8027568,1.4197737,279.55905,280.06357,285.5187,284.38306,273.52615,2,0.0,0.1890284,0.21833472,0.25022504,0.27321887
158,-117.16907272727272,62.181281818181816,2011-06-27,06,N,3.2130346,-0.079768315,291.67743,289.65298,286.01358,283.55325,273.05896,2,4.2129355e-05,0.24155147,0.28035834,0.335314,0.36497164
159,-112.06130820045557,60.1050138952164,2011-06-28,06,D,1.3453455,3.0440087,281.97308,281.8689,284.9629,283.9146,273.43555,1,0.0,0.21160541,0.18255472,0.23965852,0.26767194
160,-111.0723,59.8610283018868,2011-06-28,06,N,2.4687052,4.334266,294.06027,291.45175,286.4729,283.45618,273.41217,1,0.0,0.12255923,0.10434417,0.15541461,0.19719172
161,-110.42442972972972,58.62486576576576,2011-06-29,06,D,-0.9478286,4.2087975,288.9934,290.10275,290.1003,287.06516,281.43127,1,0.0005071203,0.0917067,0.064796306,0.10176807,0.14489573
162,-109.25487313432836,59.996314925373134,2011-06-29,06,N,1.4621607,4.0783815,295.7012,293.14447,287.19543,282.48743,273.10043,1,1.46872335e-05,0.11316565,0.09910589,0.15206146,0.20686571
163,-111.79344430379747,58.70281265822785,2011-06-30,06,D,2.520672,0.6980484,288.91776,289.49142,291.20142,287.6907,282.20572,2,0.0,0.16218881,0.15652943,0.19506855,0.20885168
164,-109.82767674418605,59.53804418604652,2011-06-30,06,N,2.0007622,-0.4044436,294.5542,294.17426,289.93726,285.2666,277.68094,1,1.3807839e-06,0.093667634,0.07895108,0.12124959,0.16194928
165,-120.24560833333334,64.40245833333334,2011-07-01,07,D,-3.1589794,0.50397617,283.37155,282.45883,283.238,273.47766,271.527,6,3.8716098e-05,0.4441235,0.5203042,0.60780954,0.6537784
166,-111.41705178571429,58.569678571428575,2011-07-01,07,N,4.263166,0.10265347,294.0933,293.05005,289.99557,286.46088,278.5586,2,1.8965773e-05,0.17330351,0.14939807,0.18734881,0.22929883
167,-108.92693769230769,57.48649538461538,2011-07-02,07,D,3.6975787,1.7228246,283.8074,283.644,285.9157,283.17847,273.5102,1,0.0,0.21030067,0.14020097,0.14622915,0.21607152
168,-107.74562857142857,58.13708571428572,2011-07-02,07,N,5.4927382,2.152255,296.5465,292.67783,287.4198,282.29697,272.93683,1,0.0,0.17460176,0.089102805,0.1336238,0.20677282
169,-109.3578240506329,58.97967721518988,2011-07-03,07,D,0.1406825,3.7109067,286.9797,286.2838,288.35812,284.6958,278.70544,1,0.0,0.0878016,0.057099104,0.101998374,0.149737
170,-109.601324,59.119698,2011-07-03,07,N,-2.0953605,-2.287212,294.7297,294.12186,289.89883,286.44055,281.817,1,8.1310165e-05,0.05954033,0.044906273,0.07721537,0.11095787
171,-99.6089894736842,54.711857894736845,2011-07-04,07,D,-2.6767244,2.5349586,289.95453,290.77078,290.95868,284.9603,273.82205,1,0.00080116716,0.262257,0.19532076,0.20685352,0.28972602
172,-93.27450909090909,53.26117272727272,2011-07-04,07,N,-1.11416,-0.32412773,297.9242,295.8374,290.44855,284.90106,275.49048,6,2.0735786e-07,0.48441887,0.5024328,0.55204743,0.6394911
173,-106.9591462962963,56.88416851851852,2011-07-05,07,D,3.452483,1.5799226,284.64236,284.50778,287.27664,283.67126,273.14716,1,0.0,0.21525733,0.1710632,0.12162021,0.20266652
174,-97.00980588235294,53.99412352941176,2011-07-05,07,N,2.396441,0.007679027,296.00894,294.87543,289.75043,284.3054,274.8913,6,0.00018541308,0.6545856,0.6399138,0.5985278,0.64820796
175,-100.82910833333334,54.86783888888888,2011-07-06,07,D,2.0362966,1.8939465,287.98755,287.1149,288.98642,284.84763,272.98355,1,0.0,0.18370457,0.17689152,0.15355383,0.24531867
176,-101.23482222222222,54.594005555555555,2011-07-06,07,N,3.6617289,-1.1183741,296.8635,295.93814,291.1061,285.30954,273.29752,3,5.499375e-05,0.21591605,0.22506689,0.19355106,0.28032574
177,-112.16207142857142,59.816514285714284,2011-07-07,07,D,-2.057998,0.5705282,285.88577,285.65512,286.91455,282.96396,273.55692,1,4.2387004e-05,0.25107014,0.21940319,0.25576684,0.27095246
178,-105.67052083333334,56.3985625,2011-07-07,07,N,-1.5521083,0.695221,297.48184,294.36185,288.8539,284.20364,273.06653,1,0.0,0.15967734,0.17993526,0.14311992,0.22049426
179,-93.88272142857143,52.576121428571426,2011-07-08,07,D,-1.9676563,0.6261005,286.45908,285.355,288.44998,287.38123,279.91812,1,0.0,0.25974303,0.16820861,0.16986223,0.28418764
180,-118.69738571428572,64.6506,2011-07-08,07,N,-2.0162315,0.007569311,294.8526,293.9465,286.30368,275.5748,272.33432,6,3.5274197e-06,0.34840378,0.42495593,0.52953535,0.57834476
181,-95.15096363636363,52.850654545454546,2011-07-09,07,N,-0.75512487,3.4481966,294.92996,294.16483,291.03687,286.55072,277.8229,2,3.474198e-05,0.40679345,0.377515,0.39163598,0.47953987
182,-109.53518888888888,59.70999444444445,2011-07-10,07,D,-3.0625134,-3.1465387,286.9576,286.04602,286.25745,283.656,276.54572,1,0.0,0.1981387,0.17567328,0.11088075,0.16377445
183,-118.79582,64.64544000000001,2011-07-10,07,N,-0.24459073,2.830519,299.18457,296.44055,287.47168,276.41092,272.32098,6,0.0,0.32913944,0.42134702,0.52708423,0.58116126
184,-114.090490625,59.678534375,2011-07-11,07,D,1.0986966,1.3859473,284.15204,284.07675,288.13904,283.61942,275.04257,5,0.0,0.419801,0.41836143,0.46066293,0.49996945
185,-91.90868181818182,51.24953181818182,2011-07-11,07,N,3.4024045,-3.92659,289.65756,292.4155,291.31137,288.06747,281.46436,1,3.465838e-05,0.18861921,0.17707302,0.15979706,0.23152314
186,-114.36880666666666,59.289766666666665,2011-07-12,07,D,1.7996444,0.34480962,283.12845,282.5311,285.71616,278.90408,273.19708,2,0.0,0.4919785,0.496431,0.49969134,0.5494115
187,-113.99031111111111,60.39246111111111,2011-07-12,07,N,2.130983,1.4725261,300.4932,297.23837,291.84662,286.04086,276.9953,2,0.0,0.21018963,0.258309,0.32296506,0.36175337
188,-106.49449642857142,56.961507142857144,2011-07-13,07,D,0.58182883,2.4261615,285.99637,285.05237,287.5491,283.5324,273.60886,1,0.0,0.17170875,0.17819962,0.12179438,0.20322336
189,-108.60697,57.87214,2011-07-13,07,N,1.3862885,0.5798356,298.44055,294.9751,290.01953,284.0962,275.0003,1,4.5464276e-06,0.15658347,0.17310072,0.13919526,0.20875351
190,-102.69274181818182,57.16428363636364,2011-07-14,07,D,0.32979563,2.981158,289.1016,288.78146,289.75424,288.0736,284.30215,1,0.0,0.094779305,0.10364041,0.07072102,0.10374429
191,-103.02856249999999,55.86053125,2011-07-14,07,N,-2.6776257,0.8624355,295.66537,292.23367,288.71063,284.69095,275.3167,1,4.736247e-05,0.21054094,0.21991885,0.14668523,0.21418762
192,-90.41773535353535,52.52995555555555,2011-07-15,07,D,0.9609361,2.9813795,291.02982,290.27216,290.67166,287.04456,281.0985,1,0.0,0.20044778,0.19201922,0.17293286,0.25645816
193,-91.4556685483871,51.843875000000004,2011-07-15,07,N,1.9165683,5.2519174,296.74127,295.26038,291.72278,287.39218,281.66183,1,2.5738748e-06,0.15167803,0.16280013,0.13756116,0.22924036
194,-90.72445507246377,52.63699347826087,2011-07-16,07,D,2.602149,2.455108,293.9427,293.21194,292.06158,287.61166,281.506,1,1.6234656e-08,0.16799699,0.1683829,0.15667428,0.24159747
195,-88.66731538461538,52.596946153846154,2011-07-16,07,N,6.4837017,-0.42687902,301.96323,300.21194,294.56113,287.33856,280.1151,2,3.9516226e-06,0.24942817,0.28074166,0.2733564,0.33919364
196,-91.43673055555556,52.61834007936508,2011-07-17,07,D,1.1725174,-0.44155774,291.17996,290.1969,292.12766,287.81168,280.95993,1,0.0,0.20187254,0.20118272,0.2037903,0.30220377
197,-91.58596129032257,52.659871483870965,2011-07-17,07,N,1.2460448,-2.8748157,299.468,298.47638,293.84515,287.92715,280.91275,1,5.578955e-06,0.20010321,0.21042265,0.21778789,0.3148657
198,-91.4744975308642,52.43053827160494,2011-07-18,07,D,-1.1354073,-1.6589626,287.1653,287.3545,291.60864,288.58484,281.9823,1,0.0,0.14492068,0.14556094,0.13061999,0.22993098
199,-92.89414523809523,52.14295833333333,2011-07-18,07,N,1.6101192,-2.7105827,300.3579,297.64514,293.3251,288.4235,281.29886,4,0.0,0.22509952,0.23710598,0.23769362,0.34408453
200,-91.45670054644809,52.67618579234973,2011-07-19,07,D,-0.5893004,2.511589,290.75598,289.52765,290.86426,288.59558,281.79437,1,0.0,0.14263472,0.16213,0.16240099,0.26014763
201,-91.34091313131314,52.22113484848485,2011-07-19,07,N,5.180956,2.3846948,307.90854,302.24777,294.23074,288.8699,282.23328,1,0.0,0.122263774,0.13995558,0.12743092,0.22940342
202,-90.02085454545454,52.87050909090909,2011-07-20,07,D,-1.1607394,-1.7755957,294.14252,294.16342,293.83966,288.7157,281.36823,1,1.1694578e-05,0.19107549,0.2204862,0.22002815,0.30936068
203,-92.07443103953148,51.96085475841874,2011-07-20,07,N,-2.9193716,0.1465285,295.29678,296.49704,295.88297,289.6877,282.62515,1,0.004044634,0.319161,0.16506611,0.13866095,0.23085566
204,-106.9945125,61.15199375,2011-07-21,07,D,-4.5531454,0.024395905,283.0989,283.42816,284.04312,283.58246,272.9278,1,2.3241198e-09,0.22706982,0.21540223,0.17594236,0.21927796
205,-108.65634999999999,62.38850384615385,2011-07-22,07,D,-2.4229388,3.3652196,284.5096,284.3911,285.82657,283.4704,273.3844,2,0.0,0.19450314,0.21781522,0.27801698,0.31249997
206,-90.27186,51.238796666666666,2011-07-22,07,N,1.5922999,-4.2512918,285.77484,287.40796,290.0942,290.24515,283.00986,1,4.6243292e-07,0.21713465,0.18948616,0.12592798,0.22818454
207,-108.70806630434781,62.419270652173914,2011-07-23,07,D,-0.34589913,3.514413,286.02087,285.995,287.5817,283.5717,273.05292,2,0.0,0.1792583,0.22620714,0.28461862,0.32362798
208,-108.77918571428572,62.516957142857144,2011-07-23,07,N,-0.26246154,1.640494,295.33435,295.42505,289.05707,283.72083,274.40353,2,0.0,0.14305423,0.20015427,0.26097888,0.29252064
209,-125.84956249999999,64.4577125,2011-07-24,07,D,0.77342826,1.4989176,284.9087,285.41125,287.4382,282.76215,272.84055,2,0.0,0.33618462,0.338536,0.31927377,0.3065093
210,-103.346684375,59.188396875,2011-07-24,07,N,0.60549384,3.3668253,293.24164,291.73944,287.64902,283.4944,274.71902,1,1.5854566e-06,0.1721471,0.19584942,0.15725705,0.2278307
211,-110.61408571428571,60.83485714285714,2011-07-25,07,D,-1.4073654,2.8101203,285.44476,285.6907,287.31802,284.82278,275.2051,1,4.9338585e-05,0.19278045,0.20461674,0.17346437,0.21185867
212,-108.50969130434784,62.461230434782614,2011-07-25,07,N,0.9853345,2.3850172,294.40897,295.37943,289.6591,284.18503,273.42325,2,7.363275e-05,0.15488707,0.21711093,0.28510293,0.32301542
213,-111.15865000000001,54.86958333333333,2011-07-26,07,D,0.7584906,-1.0033815,286.65582,286.0786,288.27698,284.77454,278.04294,3,0.0,0.477383,0.48653188,0.4579245,0.40772474
214,-108.43040588235294,62.25910882352942,2011-07-27,07,D,-1.9098525,-2.9972508,287.2912,287.3513,289.02893,284.38638,272.89432,2,0.0,0.18295608,0.21617001,0.28008908,0.32659417
215,-105.83452777777778,61.32848888888889,2011-07-27,07,N,-0.62009573,-4.09285,294.13995,294.3263,289.61572,283.98584,273.4564,1,7.369419e-06,0.25511327,0.26286662,0.25602055,0.29475778
216,-88.82609166666667,56.444633333333336,2011-07-28,07,D,2.5603015,1.9357357,290.33453,289.3699,288.4116,282.8689,274.21176,4,0.00041566536,0.3577745,0.36494482,0.45769036,0.5310008
217,-79.8536,55.31218,2011-07-28,07,N,1.1482409,7.2135806,285.87534,280.3042,283.08118,283.0822,283.0825,0,1.849721e-06,-5.5506825e-06,3.3804681e-06,-6.339048e-06,0.0
218,-99.4684,51.974180000000004,2011-07-29,07,D,3.5643861,-0.1652383,290.47675,290.5604,291.92792,290.2585,285.4081,3,0.0,0.26780283,0.2776841,0.26105905,0.30576074
219,-63.68203333333333,54.5658,2011-07-29,07,N,-0.63457805,7.7732787,288.17288,288.0349,287.9554,284.92056,280.1256,1,0.00029689862,0.19580637,0.14896737,0.17526947,0.22817309
220,-106.5796,56.590599999999995,2011-07-30,07,D,3.8932295,-0.6715069,285.06458,285.08362,286.1949,284.2399,274.1754,1,1.1513475e-07,0.2585542,0.25704846,0.19984658,0.21157648
221,-110.68075,62.935050000000004,2011-07-30,07,N,-2.2262368,-1.0982713,288.46848,291.3894,287.79462,285.46716,280.8527,2,1.3810954e-05,0.05388252,0.093972564,0.1393375,0.16091472
222,-98.94898888888889,55.09476296296297,2011-07-31,07,D,2.7324967,-1.1121273,286.60834,286.54535,289.00845,284.82928,274.8266,1,0.0,0.5404653,0.54207355,0.4391743,0.4780379
223,-100.22891935483871,56.97096451612903,2011-07-31,07,N,-0.091423094,0.4259191,296.19876,293.09378,289.04422,284.3126,273.47357,1,0.0,0.23381603,0.2307858,0.20861669,0.24325521
224,-94.69736666666667,51.815666666666665,2011-08-01,08,D,-2.795472,2.1584117,290.38046,288.33157,290.40656,289.5095,284.8761,1,0.0,0.24781229,0.25085804,0.20606618,0.27648017
225,-91.70547777777777,51.421216666666666,2011-08-01,08,N,-1.7488203,1.9797232,301.51575,298.3432,292.6777,289.08487,284.5852,1,0.0,0.2145101,0.22373292,0.16644438,0.22884294
226,-92.35435769230769,51.29545384615385,2011-08-02,08,N,3.4730084,-2.887393,299.56674,297.904,294.0924,289.6981,284.7385,1,0.0,0.21566227,0.17837735,0.12897833,0.22538318
227,-100.28105,50.28735,2011-08-03,08,D,-1.6044497,3.965872,288.12595,288.5727,291.83264,289.85687,283.9908,2,1.0388899e-06,0.24273475,0.23923053,0.2487958,0.38738114
228,-96.29976875,51.226575000000004,2011-08-03,08,N,3.2671344,4.86544,299.1974,297.70724,293.83218,290.6318,284.1204,6,4.0702264e-05,0.43582615,0.40973294,0.4339462,0.497643
229,-117.2228076923077,59.647615384615385,2011-08-04,08,D,-0.26490462,1.0815283,281.43942,281.7103,287.1553,285.4093,278.31644,5,8.062213e-05,0.5595278,0.4820787,0.45869967,0.50382227
230,-87.42660000000001,49.7706,2011-08-04,08,N,2.4930785,3.9921467,297.60535,297.5572,293.4901,289.8081,284.83408,1,0.0005546445,0.20061138,0.18310589,0.13646883,0.22661813
231,-117.56175,62.467861111111105,2011-08-05,08,D,-2.8887458,2.352147,286.4367,286.9434,288.85867,285.27197,276.47644,6,0.0,0.52159965,0.5149642,0.44732767,0.49740675
232,-100.38195762711864,53.79733050847457,2011-08-05,08,N,2.0386083,-1.5972254,295.03967,295.14633,293.28705,292.2334,288.94354,3,0.0,0.19968288,0.20680326,0.20872283,0.20662445
233,-116.31512857142857,64.95879285714285,2011-08-06,08,D,-1.5724896,2.5440695,286.57346,287.3647,289.21338,283.99728,272.699,2,0.0,0.14282347,0.16448979,0.22972487,0.32279432
234,-99.46843181818181,54.41040909090909,2011-08-06,08,N,-1.0628371,-0.37407807,296.3994,293.45502,289.07178,286.76416,279.1881,6,5.720985e-07,0.4107098,0.41921204,0.37026706,0.41004938
235,-112.63244137931034,61.22797931034483,2011-08-07,08,D,-2.4768732,-0.063935705,285.6597,286.42392,289.7859,286.40317,280.13275,3,0.0,0.2938855,0.30793718,0.28651395,0.33828077
236,-96.85989333333333,53.033273333333334,2011-08-07,08,N,-2.7758238,2.6810386,295.21225,293.2721,289.24213,287.10922,278.23746,6,6.2231855e-05,0.59472966,0.6065487,0.5712895,0.6290332
237,-119.2042,59.3783,2011-08-08,08,D,1.5024804,-0.43813786,281.77414,280.1604,287.9285,283.9865,275.51624,6,0.0,0.5356625,0.54847103,0.5515728,0.5762181
238,-113.4363,61.318,2011-08-08,08,N,2.9378302,-2.4360712,293.20438,292.8569,291.06284,289.09457,285.9833,4,3.0608387e-06,0.13959649,0.14952122,0.16254452,0.18556935
239,-97.25995,54.6762375,2011-08-09,08,D,0.06256465,-1.4866363,283.84985,280.15182,286.7205,285.57877,276.4205,6,0.0,0.68395156,0.6803567,0.6083608,0.6357053
240,-113.66855000000001,59.461,2011-08-09,08,N,0.36768234,-1.2821337,296.04214,293.81277,289.8316,286.44644,280.21274,5,1.0550874e-06,0.33268213,0.35655922,0.33524808,0.36164516
241,-102.97486666666667,53.347925000000004,2011-08-10,08,D,2.4673321,1.6175513,286.83618,286.9082,289.40366,287.93088,283.0367,3,0.0,0.39135027,0.38017896,0.31645107,0.3804957
242,-111.4634,62.8169,2011-08-10,08,N,1.2989571,-0.9281307,290.35205,292.6065,289.61517,287.27307,282.10242,2,5.3423093e-05,0.08000119,0.13703531,0.18773921,0.22654833
243,-108.81880000000001,59.355466666666665,2011-08-11,08,D,1.6131325,-1.7960137,288.75574,289.6178,290.86642,290.76785,288.8599,0,2.204691e-05,0.06479022,0.064151175,0.050331585,0.06262474
244,-111.39334,62.77268,2011-08-12,08,D,-2.4026518,-1.7044637,285.44446,286.4414,287.80154,286.91812,282.57654,2,0.0,0.07878044,0.11938165,0.16460127,0.19867252
245,-111.531,62.8001,2011-08-12,08,N,-4.354097,-1.5821383,289.14545,290.9981,288.23694,286.713,281.6171,2,2.9163044e-05,0.090881124,0.14011271,0.18975691,0.2306856
246,-103.15726666666667,51.60375,2011-08-13,08,D,1.8757215,1.1817676,282.94122,284.29715,288.7447,288.6063,284.6635,2,0.0,0.3173591,0.324461,0.31732643,0.34695536
247,-111.5277,62.7999,2011-08-13,08,N,-5.2891984,-0.15378827,289.23663,290.92383,287.72998,286.48254,281.63626,2,3.7643007e-05,0.091554075,0.13967511,0.18915883,0.2299989
248,-101.77572727272727,52.21539090909091,2011-08-14,08,D,0.7353325,2.6552193,285.95383,286.26212,288.94327,287.53412,283.2535,2,0.0,0.2734309,0.24773079,0.25852725,0.34462094
249,-95.07343499999999,51.22483,2011-08-14,08,N,1.955674,0.3838951,298.03345,295.44934,291.1462,289.162,285.6183,3,0.0,0.31850016,0.33040905,0.31238917,0.3795424
250,-100.168,50.367,2011-08-15,08,D,-2.2910917,1.7210592,289.32297,290.12552,291.8194,289.5995,285.28937,2,3.194624e-07,0.24317513,0.21284084,0.23879467,0.3800604
251,-94.562475,51.2722,2011-08-15,08,N,-1.3521432,1.7868595,299.73083,298.0547,292.30914,289.28665,286.53018,1,0.0,0.21445401,0.22634241,0.2091608,0.2820528
252,-109.69093333333335,53.29433333333333,2011-08-16,08,D,4.2238064,-0.7220121,280.21786,283.539,288.75342,288.84485,284.82605,2,0.0,0.3392142,0.32621074,0.31683904,0.24414356
253,-95.95512424242425,51.6965,2011-08-16,08,N,6.089976,1.0285708,292.6363,292.8741,291.83197,288.05728,281.0388,6,0.00037986596,0.652605,0.568557,0.54785484,0.6387687
254,-102.00656666666666,50.5876,2011-08-17,08,D,4.0530324,0.5951061,282.6248,284.27536,289.26413,289.58524,285.38916,2,0.0,0.35061565,0.3212004,0.27209237,0.3704642
255,-96.617775,49.9509,2011-08-18,08,D,-0.30559146,2.4799092,285.7597,286.61826,291.70645,290.79074,284.56183,4,0.0,0.3653523,0.29987666,0.3425684,0.48571232
256,-88.6769,49.8315,2011-08-18,08,N,0.34680736,0.62975013,294.88586,294.07422,293.06003,292.2149,291.13828,0,0.0,0.039828904,0.03153242,0.021082489,0.05803426
257,-104.18163333333332,49.89603333333333,2011-08-19,08,D,2.275928,-1.5148344,282.52136,284.80078,289.5246,290.21695,286.17142,2,0.0,0.3287755,0.31143466,0.29011878,0.39396825
258,-101.95355,52.942099999999996,2011-08-20,08,D,2.592508,0.44191444,281.29626,282.15268,286.73322,287.6727,282.85632,3,1.221095e-07,0.40889323,0.40123802,0.39431545,0.44693395
259,-104.09656666666666,51.08846666666667,2011-08-21,08,D,-0.6556051,2.792531,282.0838,283.26953,286.32327,288.5892,285.72968,3,0.0,0.38282168,0.3268027,0.2838828,0.3547603
260,-109.63344615384615,50.893330769230765,2011-08-22,08,D,3.0867152,1.8129687,285.37207,286.99185,291.328,289.78577,286.2744,2,0.0,0.29171184,0.2243438,0.19807073,0.20120049
261,-99.8166375,50.024125,2011-08-23,08,D,3.5338469,0.29855436,288.90213,289.81403,292.89307,290.15375,286.817,2,0.0,0.18353237,0.18226239,0.20038742,0.36492628
262,-110.61105,50.450900000000004,2011-08-23,08,N,2.3585522,-1.6901896,298.54333,298.23074,293.80188,290.03943,286.8922,2,0.0,0.27659598,0.25684598,0.23501784,0.21875438
263,-102.25353571428572,50.19717857142857,2011-08-24,08,D,4.843546,-3.011581,284.55554,286.67468,291.45352,289.463,286.00467,2,0.0,0.25060755,0.24791683,0.23639472,0.37035596
264,-98.2015,49.6002,2011-08-25,08,D,1.2832252,2.2415378,284.65512,286.29718,291.9459,290.60278,285.6741,4,0.0,0.19034725,0.21160442,0.22644605,0.34225893
265,-104.27870967741936,50.56988387096774,2011-08-26,08,D,1.6379638,-1.9871898,281.71683,285.22583,291.762,289.81824,285.7495,4,0.0,0.26706395,0.26684353,0.272359,0.41974103
266,-116.8411,57.9776,2011-08-27,08,D,0.8811,2.0243716,280.67575,281.39633,286.9324,286.66653,283.5369,3,0.0,0.2462222,0.2497895,0.2577772,0.260106
267,-97.64065,51.16865,2011-08-27,08,N,1.7552447,0.3483666,296.4213,296.12,292.08878,291.118,287.81885,2,0.0,0.2142116,0.21711475,0.23211953,0.35706452
268,-107.29507142857143,50.58454285714286,2011-08-28,08,D,-1.3187618,-0.56972206,285.2323,286.26544,291.14426,290.18396,286.3893,2,0.0,0.26137984,0.21152073,0.23753208,0.22784291
269,-115.3265,50.8721,2011-08-29,08,D,0.7353616,0.8511465,279.4906,279.40158,284.39603,282.91885,279.17108,1,0.0,0.09666511,0.15541056,0.17808205,0.2874262
270,-101.73223333333334,49.123400000000004,2011-08-30,08,D,-1.2685621,2.8735662,288.98962,290.60617,293.36792,291.93015,288.1767,2,2.4150438e-07,0.18902606,0.19013089,0.22504552,0.3107686
271,-117.21969999999999,56.929050000000004,2011-09-01,09,N,0.7534098,4.208859,288.6236,287.25516,283.6816,284.6504,281.6209,4,0.00020648018,0.3993703,0.40700957,0.42679933,0.37021837
272,-115.8338,58.2052,2011-09-03,09,D,-0.9195486,0.8483534,275.89307,276.87344,283.29364,285.06003,283.15213,1,0.0,0.25172526,0.23113431,0.25824627,0.2786016
273,-90.04560000000001,50.460300000000004,2011-09-03,09,N,-1.1275055,-1.0028231,289.05005,289.52136,288.6325,288.9107,287.3176,1,0.00060411065,0.2183791,0.17732562,0.13698456,0.22776315
274,-99.48373333333332,50.1076,2011-09-05,09,D,0.801229,3.316205,281.44946,282.91736,286.67587,289.86304,287.72525,2,0.0,0.27360097,0.20878209,0.20861119,0.33830988
275,-101.56885,49.827799999999996,2011-09-06,09,D,1.9632863,0.09983708,280.76907,283.2742,287.48718,289.4427,287.6268,2,0.0,0.363508,0.27378064,0.22742176,0.36452913
276,-101.9762,52.334300000000006,2011-09-07,09,D,1.1424886,0.7540882,283.52905,282.68973,287.1647,286.70554,285.10492,2,0.0,0.36777338,0.35490745,0.24646129,0.34272587
277,-101.0869,52.1418,2011-09-07,09,N,2.0056593,1.8607341,300.75964,295.55026,289.60284,286.9662,284.8649,2,0.0,0.4237741,0.41572502,0.3381947,0.39737508
278,-97.73035999999999,49.68952,2011-09-08,09,D,2.7689,0.35196358,287.3175,288.33502,291.11942,289.7141,286.1793,4,0.0,0.36825216,0.3502463,0.29164776,0.4190672
279,-105.57246666666667,56.07653333333334,2011-09-08,09,N,1.4137927,0.3107098,300.1149,296.96167,290.60806,285.7437,282.00418,1,0.0,0.21094932,0.2303412,0.23192167,0.22855161
280,-100.06089999999999,51.2194,2011-09-09,09,D,2.3812704,1.6471558,285.8402,286.2762,290.2669,289.07883,287.42657,2,0.0,0.28750694,0.30826613,0.25785822,0.35576403
281,-112.9033,56.78431666666666,2011-09-09,09,N,4.932219,2.6312132,302.16537,297.33835,290.01416,284.9415,279.61258,6,0.0,0.59415644,0.61272407,0.59042245,0.6035829
282,-99.798125,53.97233333333334,2011-09-10,09,D,3.8060884,1.3998239,292.10138,290.5932,290.82858,288.50735,285.84216,3,0.0,0.340657,0.35271326,0.3635959,0.35639888
283,-97.53315833333333,54.51040833333334,2011-09-10,09,N,3.9922845,-0.23329724,300.00504,297.72595,291.04843,285.66898,279.33325,6,0.0,0.6178363,0.6422068,0.6681529,0.6370259
284,-102.44444166666666,50.8216625,2011-09-11,09,D,-2.1546507,-0.4981126,282.70694,284.8042,289.93552,288.97308,287.00674,2,0.0,0.34815595,0.35404873,0.28055528,0.36330298
285,-100.25855517241379,54.93073534482758,2011-09-11,09,N,-0.1800753,-1.3869809,286.09106,288.224,288.46802,287.30612,282.41635,1,9.356142e-06,0.1729378,0.19547595,0.21031366,0.23813017
286,-111.1272625,50.32275,2011-09-12,09,D,-0.5328663,-0.9218216,280.08972,284.6906,289.92203,289.56824,287.85947,2,4.248342e-07,0.28284848,0.24536088,0.21936698,0.24956574
287,-89.21354807692309,50.626015384615386,2011-09-12,09,N,1.0356275,-6.952429,282.75055,286.88855,287.60922,288.7756,287.19034,1,0.002604624,0.31788003,0.20990723,0.13235171,0.21958545
288,-131.770525,59.830925,2011-09-13,09,D,-1.9654145,0.08510016,279.85403,278.8905,278.69452,278.4819,278.65668,1,0.0,0.25579426,0.26281196,0.2647127,0.2256714
289,-102.5823,51.9969,2011-09-13,09,N,0.98570687,-6.0603933,281.04703,283.63846,284.78156,287.78104,286.18372,2,0.0,0.34036943,0.31611493,0.23021238,0.33197263
290,-114.45259999999999,58.46425,2011-09-14,09,D,0.46123028,2.7261992,272.1996,272.21255,280.28378,284.67273,280.8176,6,0.0,0.41225195,0.3899055,0.4204579,0.44537005
291,-98.616515,50.09848,2011-09-15,09,D,1.1262683,2.944845,274.68146,276.67947,283.17264,289.06628,286.6691,4,0.0,0.21637985,0.1621982,0.18844886,0.32591897
292,-113.31965,49.4237,2011-09-16,09,D,4.211939,2.79343,285.09027,285.3785,287.03806,286.79883,285.13596,2,0.0,0.25660098,0.21443765,0.21814722,0.2575691
293,-101.670475,52.12455,2011-09-16,09,N,0.22677319,5.6866207,284.8546,284.44678,282.75745,285.03107,285.5616,2,4.1376043e-05,0.35701877,0.3290361,0.24092835,0.3456291
294,-115.8567,51.7391,2011-09-17,09,D,1.4516108,1.492022,274.31696,275.28842,278.29086,279.79877,277.62225,1,1.2382535e-06,0.15643866,0.17376024,0.1816124,0.28356102
295,-104.29285,50.623549999999994,2011-09-19,09,D,-0.66440344,1.9970442,277.30847,279.06653,283.6612,285.85574,286.96594,2,0.0,0.4294075,0.4325245,0.35337156,0.3887951
296,-122.6113,57.86409999999999,2011-09-20,09,D,0.33188623,3.4966533,275.61267,276.66116,280.85583,282.26282,281.75623,2,0.0,0.3471997,0.34964198,0.34180588,0.3308743
297,-124.0965,49.1925,2011-09-20,09,N,-2.2260203,0.78896356,290.6183,288.45688,285.67783,286.66364,286.80194,0,0.0,0.15292464,0.12924644,0.1250729,0.17081888
298,-110.26252222222223,51.305566666666664,2011-09-21,09,D,-1.2761086,3.1726506,275.9896,278.56363,284.2864,286.9747,287.38272,2,0.0,0.29403877,0.25752154,0.19293106,0.1891013
299,-107.48666086956523,53.17785652173913,2011-09-22,09,D,-1.4180847,4.987268,280.56503,281.07523,284.0187,284.80005,285.13712,2,0.0,0.22092529,0.17484082,0.2024834,0.30335447
300,-101.6568,52.1635,2011-09-22,09,N,-0.31182408,4.65571,289.3902,285.70544,281.9895,283.8873,285.3865,2,0.0,0.38073364,0.3575009,0.25212395,0.34472644
301,-102.27651379310345,51.09620344827586,2011-09-23,09,D,0.3853288,1.6643138,278.4323,280.348,283.95224,285.354,286.9774,2,0.0,0.39630434,0.38908574,0.30928737,0.3580185
302,-112.84110000000001,60.13395,2011-09-23,09,N,2.523147,3.8386433,292.9426,288.2772,285.2331,284.4359,283.1803,4,0.0,0.2798397,0.30234584,0.28462195,0.31293967
303,-108.00747538461538,51.28837076923077,2011-09-24,09,D,2.7651663,1.7183634,285.88303,286.9005,290.13208,287.62555,286.6999,4,0.0,0.26352012,0.20044148,0.2010532,0.26033008
304,-112.15978333333334,54.98291666666666,2011-09-24,09,N,-0.25503466,-1.1609135,292.5462,291.14417,286.5234,284.92737,284.63467,3,0.0,0.34774333,0.30672958,0.24987844,0.30118006
305,-106.32048536585366,51.45281219512196,2011-09-25,09,D,-0.63971543,0.62603706,282.81815,283.78024,288.89545,287.03036,286.85135,2,0.0,0.24568255,0.19914773,0.18022524,0.25986788
306,-107.94478695652175,51.33720434782608,2011-09-26,09,D,5.371356,2.115324,288.7145,288.76013,291.55164,288.3632,286.74615,4,0.0,0.22818147,0.19477405,0.19925556,0.26425064
307,-109.76561,53.06395,2011-09-26,09,N,4.327926,1.3703948,291.3505,291.8416,288.84695,286.55164,286.2525,2,0.0,0.29350153,0.26807034,0.23152113,0.23531185
308,-101.44001904761906,50.6642380952381,2011-09-27,09,D,-0.31632748,1.6595815,278.1123,280.35904,286.2137,285.8715,286.6653,2,0.0,0.36751428,0.38049808,0.36508226,0.36260578
309,-106.7827,51.319525,2011-09-27,09,N,8.348731,2.3243117,299.96634,297.03412,290.97565,288.5529,287.6,2,0.0,0.1800477,0.1460603,0.14432183,0.2278897
310,-109.38069999999999,51.60799333333333,2011-09-28,09,D,3.6799698,-0.7872575,280.03583,283.9481,289.88528,288.6663,286.98245,2,0.0,0.22934006,0.20739818,0.19782431,0.24276169
311,-104.05006969696969,51.07201818181818,2011-09-29,09,D,2.747102,-4.0266223,277.38754,280.1334,285.6461,286.7628,286.534,3,0.0,0.3857291,0.38052258,0.36055115,0.35139108
312,-124.9461,49.394549999999995,2011-09-29,09,N,-1.3198373,0.83164555,289.53952,286.95877,283.53143,285.07166,286.06705,1,0.0,0.24927609,0.2630068,0.2743334,0.24715485
313,-113.61628360655739,52.34135081967213,2011-09-30,09,D,1.6417676,3.2300484,279.5391,280.05246,282.88245,285.514,285.1095,2,0.0,0.32427213,0.31298462,0.33296227,0.33683848
314,-114.76277777777779,50.84552222222222,2011-09-30,09,N,3.1499727,1.7675135,292.75247,288.1451,281.75412,281.46606,281.74075,2,0.0,0.19165874,0.20272504,0.2099504,0.30732074
315,-101.912488,51.043892,2011-10-01,10,D,0.35522452,4.2993565,283.19577,282.483,284.44687,286.20697,286.7174,2,0.0,0.38896394,0.37546837,0.33881363,0.36514506
316,-126.85703636363637,54.41007272727273,2011-10-01,10,N,-1.5382806,-0.43878633,278.14075,273.36243,274.631,277.93683,280.0123,2,6.353638e-06,0.3767364,0.39187494,0.39079276,0.36552858
317,-112.7247,53.160833333333336,2011-10-02,10,D,-2.5566435,-1.0252091,276.41467,278.94415,282.11108,284.5747,284.6143,2,0.0,0.39116845,0.37369907,0.2882867,0.23906088
318,-102.55160000000001,55.96185,2011-10-02,10,N,-3.2353864,-0.6487379,279.87894,280.92996,281.95975,283.3605,282.27057,1,6.089337e-07,0.28571123,0.2925851,0.30853307,0.29572758
319,-107.38185555555555,51.521455555555555,2011-10-03,10,D,-1.8928888,-0.06898703,277.06824,279.6174,286.24475,288.3277,287.4353,2,0.0,0.23722196,0.15651873,0.16362797,0.25121087
320,-103.30328378378378,50.96277837837838,2011-10-04,10,D,-5.0385785,2.2997174,279.23862,281.1614,284.31613,285.96786,286.2891,2,0.0,0.402438,0.3884815,0.3603201,0.37778494
321,-127.05796666666667,54.107466666666674,2011-10-04,10,N,-0.9918784,-0.30135477,282.06607,279.2589,276.31253,276.91498,279.48734,2,7.3720345e-05,0.34721997,0.34641156,0.36985144,0.3574331
322,-109.80406578947368,52.675131578947365,2011-10-05,10,D,0.76502585,1.6753887,280.68912,283.15717,286.01874,285.61774,286.40317,2,5.704521e-07,0.3065135,0.2868215,0.23909897,0.21912558
323,-127.14515,54.6315,2011-10-05,10,N,-1.2031295,-0.23551324,281.52637,278.4497,275.52286,276.7183,279.32913,2,4.430069e-06,0.34070128,0.34813696,0.3615383,0.34130958
324,-101.21833971291866,51.036276076555026,2011-10-06,10,D,-2.627617,5.3648367,287.34473,285.68793,287.17966,284.82077,285.53192,2,0.0,0.41488826,0.42847338,0.43761644,0.41483167
325,-104.6390423076923,51.79810641025641,2011-10-06,10,N,-2.5280664,1.357911,291.8839,289.9599,287.14188,286.0424,285.97006,2,6.318066e-05,0.3168434,0.26853478,0.21208602,0.31311712
326,-116.72704137931034,52.60832068965517,2011-10-07,10,D,1.4415529,0.37821364,273.00974,273.85947,275.97888,277.86078,279.02185,1,1.8961146e-05,0.28208697,0.2513234,0.24894053,0.32936084
327,-95.44513661971831,50.95392535211268,2011-10-07,10,N,-2.217199,6.1487584,294.4702,293.52133,290.63498,286.86365,286.2688,2,9.164876e-05,0.36424986,0.36690265,0.34091538,0.43270743
328,-106.99188181818181,54.43986363636363,2011-10-08,10,D,5.0848827,-2.746248,279.95013,280.19696,282.74234,283.9776,283.93616,3,1.0717671e-05,0.35551322,0.33023584,0.31899747,0.36874443
329,-122.60960833333333,51.694358333333334,2011-10-08,10,N,-1.5583091,3.7726576,284.2864,280.85062,277.52225,279.8481,282.2902,2,0.0,0.32130527,0.30017146,0.28563353,0.30961457
330,-100.01884,50.46989,2011-10-09,10,D,1.222487,-0.48574653,273.0404,275.52554,282.5691,286.07117,286.58698,2,0.0,0.36756986,0.3702293,0.30741712,0.3578729
331,-81.46995714285715,47.51434285714286,2011-10-09,10,N,4.0075145,0.05185869,294.42093,293.62244,290.29373,285.18274,286.15048,1,0.0,0.18565448,0.1966442,0.13628775,0.21134274
332,-81.61394999999999,47.4752,2011-10-10,10,N,-1.9652467,0.67531055,290.82797,291.26285,288.80432,285.8438,286.1151,1,0.0,0.18114215,0.19344375,0.13751261,0.21152398
333,-90.32334,47.42646,2011-10-11,10,D,3.1385334,5.3249464,289.83252,289.66583,290.17627,290.05756,290.01956,0,0.0,0.046118423,0.046998836,0.042730927,0.05509164
334,-115.77894,52.15234,2011-10-12,10,D,2.069378,1.599382,272.69897,274.27322,276.20612,278.1737,280.4751,2,1.1250143e-06,0.26645362,0.24906959,0.24390882,0.3322596
335,-89.2846,50.7121,2011-10-12,10,N,-1.7803121,2.7072408,288.08835,288.68326,287.32486,285.91202,285.786,1,5.4643813e-05,0.21504919,0.2154957,0.1914308,0.21772297
336,-123.80383666666667,53.16229333333333,2011-10-13,10,D,1.5836143,1.385068,270.76605,272.7301,276.35983,278.90472,281.2313,2,0.0,0.36821237,0.36940125,0.379197,0.37070817
337,-124.0124,53.81185,2011-10-13,10,N,2.7866857,0.48590878,281.22433,279.2553,277.02484,279.27283,281.734,2,0.0,0.3755286,0.37828752,0.38402107,0.369119
338,-119.3217695652174,52.98400869565217,2011-10-14,10,D,0.09543935,0.23061134,258.1743,268.91858,273.57993,275.3605,278.40585,1,7.1199514e-07,0.26044747,0.27064332,0.2744994,0.2780121
339,-121.51588421052632,54.422121052631574,2011-10-14,10,N,2.0202982,1.3490659,277.4461,271.81616,273.64462,276.19876,279.1039,2,1.029805e-05,0.3521666,0.36171937,0.36055383,0.3727168
340,-122.97431666666667,54.15229411764705,2011-10-15,10,D,0.37760523,0.48794377,267.57248,268.84955,273.95377,279.5322,282.4238,2,4.967673e-07,0.4382845,0.44123557,0.4436152,0.43232453
341,-122.5998304347826,54.72259130434782,2011-10-15,10,N,0.9318774,2.383776,277.85355,272.22943,273.50256,277.31464,280.73425,2,0.0,0.30976263,0.31764385,0.32000434,0.31985185
342,-112.92386666666665,50.74596666666667,2011-10-16,10,D,2.0234308,0.80554026,267.91315,272.0002,277.37497,282.59024,285.61044,2,0.0,0.2470256,0.22484282,0.16508782,0.2014623
343,-112.82935,56.223,2011-10-16,10,N,2.1336908,0.34043732,280.03476,278.25516,277.1568,280.7035,280.6389,6,0.0,0.6712711,0.6732764,0.6555574,0.615058
344,-110.90993,51.19541,2011-10-17,10,D,2.205376,0.90997916,268.09143,271.42148,277.16513,282.61438,286.4926,2,0.0,0.2965632,0.28586477,0.23641586,0.21899094
345,-117.17547976190475,51.96505833333334,2011-10-18,10,D,-0.21555208,-0.24925804,266.1022,270.30838,272.4487,275.07034,278.79825,1,0.0,0.2797356,0.28157544,0.26191232,0.3072581
346,-120.6511,53.26105,2011-10-18,10,N,-0.056732323,1.8158631,282.16818,276.3627,273.0746,274.9217,278.51962,1,0.0,0.3005314,0.28973728,0.2971659,0.313878
347,-114.13624390243903,50.83761463414634,2011-10-19,10,D,3.0004528,0.95815384,274.76538,275.3316,277.59198,279.18347,282.78403,2,0.0,0.22528283,0.20801122,0.18463561,0.26154396
348,-118.8726,50.1033,2011-10-19,10,N,0.8348634,1.7182437,285.1156,281.21777,277.01013,278.30872,282.8893,2,0.0,0.3146972,0.31666157,0.26465654,0.32130098
349,-118.66538382352941,53.21904411764706,2011-10-20,10,D,1.0740575,0.78344923,271.26077,272.4907,272.02707,273.89346,276.76755,1,0.000111384106,0.24473177,0.23316537,0.21435042,0.26393855
350,-125.3176,54.4862,2011-10-20,10,N,2.2145643,0.76400894,278.71884,275.36417,274.7045,276.71695,279.97766,2,7.923601e-06,0.37602377,0.38050997,0.37849635,0.3768469
351,-111.85308846153846,53.145788461538466,2011-10-21,10,D,2.4975936,0.6861387,270.8917,274.99115,277.68076,280.60892,284.40158,2,0.0,0.39349207,0.3868706,0.34567502,0.2534515
352,-119.75694999999999,52.0744,2011-10-21,10,N,-1.1452354,1.1535338,276.18326,274.9269,274.55652,275.93262,279.69397,2,0.0010969942,0.3359622,0.3339704,0.32260647,0.3331021
353,-117.26685384615385,51.39293846153846,2011-10-22,10,D,0.56204677,0.9051592,271.46237,273.4503,273.5557,275.14813,278.89395,2,0.0003277654,0.3001532,0.2905602,0.26827914,0.31529817
354,-123.92558461538462,54.237,2011-10-22,10,N,1.7037189,2.367571,279.00067,275.26624,274.11978,277.33203,281.43463,2,1.466044e-05,0.40914118,0.39971957,0.38767835,0.37504542
355,-110.51941538461539,50.43339230769231,2011-10-23,10,D,2.8519325,1.6434951,275.42847,276.8046,281.51944,283.5344,287.55847,2,6.5122904e-06,0.24560332,0.21402562,0.1720472,0.21272941
356,-102.6313,50.5486,2011-10-23,10,N,0.7876375,-1.1674936,281.78888,281.38535,279.65494,281.0957,285.97806,2,0.0,0.36227536,0.35383973,0.31096056,0.35741594
357,-116.7269263888889,52.06630694444445,2011-10-24,10,D,0.08263188,-0.073375545,256.2433,271.01926,272.21454,273.9541,277.27432,1,3.952268e-05,0.23840874,0.23455018,0.21648839,0.26640192
358,-119.00022857142858,50.40617142857143,2011-10-24,10,N,0.46259922,-0.55414253,277.8246,277.24274,276.23975,279.21277,283.23563,2,9.444762e-05,0.3463465,0.3264621,0.2580689,0.31703678
359,-121.05287596899225,53.11598914728682,2011-10-25,10,D,0.51555914,0.8669614,269.73685,272.6749,273.50845,275.11325,278.54828,1,5.5425302e-05,0.2926873,0.3017767,0.29990527,0.31219006
360,-125.76132,54.70513999999999,2011-10-25,10,N,1.3791208,1.6279086,277.66998,273.62054,273.77698,275.68906,279.22824,2,2.317306e-06,0.36213964,0.37155703,0.38237423,0.37577665
361,-118.58337391304349,53.305743478260865,2011-10-26,10,D,1.1536006,2.2609208,259.27502,271.89713,272.44263,273.72656,276.13596,1,1.3251976e-07,0.22045518,0.22141385,0.2005428,0.26257667
362,-118.28375384615384,51.408692307692306,2011-10-26,10,N,-0.04642648,1.612541,270.70114,272.8136,273.6062,275.52518,279.25916,1,0.0006344243,0.28426778,0.29008558,0.2805651,0.2926095
363,-120.12999074074075,52.2775,2011-10-27,10,D,1.2393998,0.42448926,264.9204,272.60977,273.77502,275.46738,278.79794,2,1.9928126e-05,0.3094695,0.31650317,0.32001707,0.32779372
364,-122.71797142857143,53.03761428571429,2011-10-27,10,N,0.32203963,1.303674,278.31152,273.076,274.20218,276.70923,280.89954,2,0.0,0.37747565,0.3830805,0.3912764,0.4017683
365,-102.66592727272727,51.149345454545454,2011-10-28,10,D,4.3999844,-1.0130367,270.36752,271.7709,275.26648,279.68005,285.13034,2,0.0,0.35158753,0.35490963,0.34867486,0.35348868
366,-118.24094705882352,51.287258823529406,2011-10-28,10,N,-0.95045686,1.1074339,273.03568,273.42172,273.75003,275.759,279.62552,1,0.0005318835,0.3106253,0.31835538,0.31242478,0.31859013
367,-102.49919999999999,52.65803333333333,2011-10-29,10,D,-3.207413,4.3206077,273.47354,272.21085,274.88467,278.33997,284.18253,2,0.0,0.26894644,0.25725982,0.17441113,0.31433153
368,-118.5633,50.884299999999996,2011-10-29,10,N,0.9045737,1.3087611,275.93848,275.60587,274.5631,276.46463,280.79813,2,1.15824905e-05,0.35335538,0.3589479,0.3495597,0.35656983
369,-119.38362857142856,52.31490857142857,2011-10-30,10,D,0.015706554,-0.04269127,271.04794,273.73782,273.74774,275.02512,278.1401,1,0.0010920437,0.27487922,0.28255385,0.29511347,0.3044206
370,-116.47233333333334,49.35143333333334,2011-10-30,10,N,0.8803306,1.7019364,276.13138,273.6292,273.59232,276.26,281.1257,2,9.095474e-05,0.33831975,0.33432278,0.2789199,0.35003996
371,-118.97943720930232,51.659093023255814,2011-10-31,10,D,1.6364932,0.96001166,269.82864,273.63937,273.78946,275.34924,279.37503,2,3.2006505e-05,0.31666943,0.31962195,0.3224956,0.3362973
372,-117.90040740740741,52.44303580246914,2011-11-01,11,D,1.2169905,0.46087173,259.93356,273.58603,273.82565,274.67456,277.24716,1,5.916771e-05,0.22839503,0.23242283,0.23804195,0.27552488
373,-120.570925,53.833775,2011-11-01,11,N,2.2345157,2.4756062,270.93655,272.5636,272.87564,273.96695,276.587,1,1.5546997e-05,0.2788102,0.28312138,0.28520346,0.31751198
374,-109.620396,50.279723999999995,2011-11-02,11,D,2.7605693,5.0624847,269.73877,270.40002,275.97092,281.46326,286.78125,2,0.0,0.20870392,0.18239851,0.1485805,0.20134217
375,-110.8593125,51.51471458333333,2011-11-03,11,D,3.350289,5.778453,274.78046,272.87946,273.86658,278.39108,284.5852,2,0.0,0.23501438,0.2147909,0.18101563,0.2120522
376,-123.76415,54.06055,2011-11-03,11,N,1.231834,-1.3342395,274.5238,271.57745,274.21582,276.95746,280.46573,2,2.938639e-05,0.3737239,0.37789115,0.39410776,0.38799822
377,-119.1131010989011,51.29803516483516,2011-11-04,11,D,0.5295889,-0.80896527,268.5828,271.74368,273.94833,276.07803,280.29343,2,3.615269e-05,0.35312596,0.3564357,0.34370276,0.36560652
378,-124.27410000000002,52.55283333333333,2011-11-04,11,N,1.0570526,1.2987957,271.2663,270.39395,273.09338,274.93192,278.29184,2,0.0,0.31634924,0.3262052,0.34643912,0.35699475
379,-114.85143125,52.524325,2011-11-05,11,D,1.8158255,0.7556417,259.83524,264.113,273.3143,276.76135,281.28552,2,0.0,0.25213918,0.24907584,0.2476316,0.37357712
380,-80.7928,46.5775,2011-11-05,11,N,0.48889917,3.6507895,276.36127,274.25568,273.88712,278.9034,284.28433,1,0.0,0.30149403,0.30850726,0.27881542,0.26186767
381,-121.18156969696969,54.004333333333335,2011-11-06,11,D,-0.94771546,0.82550555,264.29257,266.46085,271.97604,274.36575,277.64536,1,1.0667588e-05,0.3214021,0.33002177,0.3449987,0.3645006
382,-118.056975,54.072975,2011-11-06,11,N,2.330398,0.37631434,271.3783,270.12848,272.15155,274.99954,279.29016,2,8.934274e-06,0.30487287,0.30700645,0.29693353,0.37714767
383,-118.91952,52.751009999999994,2011-11-07,11,D,-0.6171787,1.3463221,256.6672,271.05527,272.70123,274.0302,276.23602,1,4.092455e-05,0.23697472,0.23646872,0.25570154,0.29354966
384,-122.62829607843138,53.220346078431376,2011-11-08,11,D,-0.3185022,1.6642803,266.2196,267.4274,272.67108,275.50858,279.97498,2,0.0,0.39566702,0.40130913,0.40161386,0.42509732
385,-123.83019999999999,54.58105,2011-11-08,11,N,1.7899123,1.2905041,273.89197,270.3792,272.69183,275.26053,279.48788,2,5.120416e-08,0.3778413,0.38288125,0.39435276,0.39745182
386,-117.02050909090909,51.462263636363645,2011-11-09,11,D,-0.6436735,0.1154325,252.41699,272.35715,273.05252,274.44333,277.46115,2,2.7750812e-06,0.28485847,0.28623602,0.27818945,0.33310002
387,-118.78052,52.6308,2011-11-10,11,D,-0.41582495,1.7325594,268.03568,272.75922,272.7165,274.04715,276.24265,1,0.00053832936,0.24562147,0.24722812,0.2655441,0.30129525
388,-121.94224210526315,52.01382631578947,2011-11-11,11,D,-1.8139555,2.7270277,276.8482,275.50558,273.07684,275.47058,280.83957,2,0.00017653183,0.32637107,0.29897374,0.27220356,0.31192282
389,-116.43029999999999,49.067566666666664,2011-11-11,11,N,0.33242357,2.0135984,272.47705,272.75882,273.02,275.38623,280.77383,2,0.000466968,0.3259253,0.32517207,0.28718954,0.34478092
390,-96.23665,48.501125,2011-11-12,11,D,-2.722428,1.504333,271.51392,271.87347,274.84662,278.86804,285.54727,3,0.0,0.28761837,0.28107572,0.28606904,0.35368252
391,-124.14443333333332,53.052683333333334,2011-11-13,11,D,6.055161,0.90346766,271.8018,273.2267,272.7789,274.2324,277.69122,2,3.640953e-05,0.33924124,0.3373538,0.34402788,0.37737656
392,-121.83330000000001,53.94898888888889,2011-11-13,11,N,3.8095639,1.1861215,273.48688,273.17044,272.6253,274.3691,278.3483,2,0.00022397346,0.38814726,0.39417523,0.386597,0.4098599
393,-122.445732,52.809244,2011-11-14,11,D,5.271896,-1.3879293,270.48926,272.61752,273.16125,275.02237,279.70755,2,6.1302126e-05,0.41015443,0.41319227,0.39966562,0.40977827
394,-121.3008,50.684133333333335,2011-11-14,11,N,2.3801978,-1.5103616,272.34854,272.45862,273.03912,274.92343,279.52307,2,7.753371e-06,0.26942798,0.25695625,0.22221845,0.27974856
395,-120.168778125,50.349425,2011-11-15,11,D,2.402889,1.2016743,267.96262,271.47528,273.56454,275.5473,280.45676,2,3.8016733e-05,0.23603457,0.22496064,0.19406056,0.25724736
396,-121.7175,51.1843,2011-11-15,11,N,0.90663636,1.5120635,271.55734,271.08475,272.56042,274.62988,278.9405,2,0.0,0.27729198,0.26585066,0.2538101,0.28372443
397,-79.5977,47.7986,2011-11-16,11,D,1.2684712,3.660324,275.7301,275.5677,277.30383,278.71783,282.1958,2,1.3712039e-06,0.32835397,0.335686,0.32894677,0.29054365
398,-124.35464999999999,54.266000000000005,2011-11-16,11,N,-5.2085323,1.2724849,269.37848,269.87878,272.73944,274.75208,278.77985,2,0.0006073404,0.3622079,0.3657981,0.35462412,0.35715368
399,-120.38989999999998,50.36902,2011-11-17,11,D,0.03204445,3.182944,271.77332,272.75745,273.1913,275.40176,280.20505,2,2.0404274e-05,0.23890087,0.23075397,0.20059781,0.26075786
400,-120.0344,50.0913,2011-11-17,11,N,3.1108134,2.1198292,269.56763,271.3729,272.78302,275.06815,279.65073,2,1.928419e-05,0.25277704,0.25266755,0.22289692,0.277397
401,-122.8083,51.4035,2011-11-19,11,D,0.41858906,0.72743356,252.73883,267.38287,270.3673,273.70178,277.09485,2,1.2276736e-07,0.29107198,0.29595706,0.2963568,0.31740683
402,-122.89787636363637,52.302850909090914,2011-11-21,11,D,-4.7356467,2.4912488,266.3014,265.91766,266.4114,273.63095,278.17596,2,8.838884e-05,0.31072623,0.31947753,0.3248554,0.31206393
403,-122.00558214285715,52.62177142857143,2011-11-22,11,D,-3.7480738,4.633583,275.12558,272.51572,271.18405,274.16153,279.15283,2,0.00016436736,0.36992204,0.3726958,0.3592753,0.372931
404,-122.59988000000001,51.31428,2011-11-22,11,N,0.42970547,3.1013143,272.32785,272.862,271.64508,273.53717,276.97876,2,3.1055508e-06,0.29807776,0.29977906,0.29972628,0.32782847
405,-120.0093195652174,52.53896739130435,2011-11-23,11,D,-1.2729017,-0.5438924,266.3035,273.53336,273.5748,274.51147,276.4656,1,0.001492198,0.2389711,0.24474025,0.25575414,0.28872272
406,-124.056775,53.762825,2011-11-23,11,N,3.3676748,1.4547193,271.60834,271.13364,271.70422,273.91904,277.90756,2,7.0248852e-06,0.34432277,0.3516623,0.35407126,0.37072757
407,-99.906175,51.639475,2011-11-24,11,D,3.4846857,2.6251538,275.74088,272.74344,271.6401,273.6435,279.6621,3,0.0,0.2801076,0.26615375,0.26262757,0.26422545
408,-118.56976,52.27536,2011-11-24,11,N,-0.91206086,1.0412792,263.28024,273.09216,273.22897,274.06412,275.94006,1,5.7014047e-05,0.2499966,0.2582122,0.26702356,0.30523172
409,-120.79741428571428,53.07207142857143,2011-11-25,11,D,3.1212156,1.4006335,267.04843,273.22147,273.00244,274.0045,276.0894,1,0.0005526462,0.25359616,0.2589859,0.2674313,0.30669343
410,-120.6773,50.5686,2011-11-25,11,N,1.0656767,1.7096285,271.12064,273.41998,272.47433,274.59866,279.48047,2,0.0,0.26191938,0.24029239,0.20108679,0.2596407
411,-122.5329,52.00958571428571,2011-11-26,11,D,-3.2946823,2.661753,272.66568,273.73175,271.68405,273.73233,278.47275,2,0.0001077736,0.27031532,0.2772864,0.27221793,0.28684503
412,-121.44874285714286,53.77775714285714,2011-11-27,11,D,1.3813571,2.9290345,277.50662,272.33542,272.0857,273.5827,276.38522,2,0.0015520329,0.3552526,0.32121187,0.3338056,0.35935333
413,-119.97167272727273,54.58143181818182,2011-11-28,11,D,3.8366423,2.6829565,266.6021,272.2344,271.39532,273.30566,276.32462,1,8.272124e-08,0.31994516,0.29187313,0.27390158,0.3328148
414,-124.2563,54.2243,2011-11-28,11,N,-0.11979748,3.9557767,274.59598,273.53308,272.66306,274.0986,277.7842,2,2.1375874e-06,0.39495844,0.39157447,0.35247698,0.35334128
415,-109.48911739130435,54.75415217391304,2011-11-29,11,D,4.991537,1.5003942,269.02667,269.06827,271.1309,273.17264,278.24295,3,0.0,0.24358985,0.22238594,0.23102924,0.27028555
416,-120.76191142857144,52.78704571428571,2011-11-30,11,D,1.8281016,-1.1957355,268.9744,273.21417,273.18085,273.97455,276.02103,2,0.00016239885,0.2725944,0.27645716,0.2837924,0.3245174
417,-124.0609,52.8224,2011-12-01,12,D,1.3282641,1.8830024,271.15506,271.64557,271.6621,273.28775,276.38452,2,0.0,0.34892642,0.3447018,0.34247142,0.3638365
418,-120.47521428571429,51.80842857142857,2011-12-02,12,D,4.480273,-2.129736,270.99063,272.72058,272.4687,273.7287,277.53015,2,2.3121956e-05,0.3494453,0.34923667,0.3372048,0.35649824
419,-122.61522727272727,52.88577272727273,2011-12-02,12,N,1.2005309,-0.06449774,272.38104,273.04605,272.31696,273.69873,277.59235,2,4.1604485e-06,0.3826036,0.38580823,0.38155627,0.3958303
420,-122.50030000000001,52.38850714285714,2011-12-04,12,D,2.5685403,-0.9264556,267.58334,273.0735,272.55487,273.76526,277.72098,2,0.0,0.35901567,0.35780713,0.33593538,0.3442548
421,-123.14934000000001,52.912729999999996,2011-12-04,12,N,0.5464693,1.6025662,271.56805,271.73547,272.20016,273.39032,276.73,2,0.0,0.35080352,0.35377827,0.355554,0.3718294
422,-123.31303333333334,52.10673333333333,2011-12-05,12,D,0.73099214,0.6046273,267.73715,271.248,272.40732,273.47525,276.6873,2,0.0,0.34152588,0.34589437,0.33278343,0.3140572
423,-122.52154318181819,53.188613636363634,2011-12-06,12,D,-0.7659768,2.4486902,270.85315,272.5532,272.6979,273.97403,277.4147,2,1.632986e-05,0.39723486,0.4014763,0.398157,0.42343745
424,-121.04068888888888,52.61944444444444,2011-12-06,12,N,1.0711044,0.72293645,267.97913,271.1834,272.93164,273.8537,276.2687,2,2.1195116e-05,0.31649554,0.31778076,0.31866372,0.3605928
425,-123.01344444444446,52.02183333333333,2011-12-07,12,D,-0.038343918,-0.87455463,265.94382,269.29184,272.20068,273.47635,276.56885,2,9.557104e-06,0.34069338,0.34248343,0.32955226,0.31113645
426,-123.49669999999999,51.89896666666667,2011-12-07,12,N,0.39726985,0.19683608,269.5105,270.73578,272.23547,273.4513,276.30933,2,1.0975687e-06,0.3405424,0.34347677,0.3330148,0.32128897
427,-123.34730666666665,52.352999999999994,2011-12-08,12,D,0.29427522,1.0589999,262.86578,265.68762,271.60077,273.4192,276.37637,2,0.0,0.34144464,0.3419968,0.340137,0.32337222
428,-119.50537142857142,50.843466666666664,2011-12-09,12,D,-0.013104184,-0.70206964,263.6532,267.07214,272.2296,274.3224,277.9222,2,9.241887e-07,0.323664,0.32965696,0.3087773,0.3346283
429,-119.79206666666666,51.325633333333336,2011-12-09,12,N,-1.3260367,0.084978,265.70865,270.83963,271.7052,273.7295,276.97836,2,3.9616654e-07,0.3321522,0.3356612,0.3379135,0.35202244
430,-117.58041818181819,54.54051818181818,2011-12-10,12,D,2.391988,2.0771577,270.59207,272.92175,271.64438,273.57187,277.0846,2,0.0,0.3658491,0.34969005,0.30872598,0.36442956
431,-121.25206666666668,52.105533333333334,2011-12-10,12,N,-0.41626966,0.55428815,267.96454,271.17178,271.91547,273.8306,277.08426,2,2.7531982e-05,0.34389487,0.34298784,0.3365418,0.35922948
432,-123.7113,52.936,2011-12-11,12,D,2.0825467,-0.60425633,267.91486,267.26813,270.18567,273.2929,276.0493,2,8.614266e-06,0.34702528,0.34653208,0.3546404,0.36518675
433,-117.52910000000001,51.742533333333334,2011-12-12,12,D,-0.1938794,-0.40976006,253.14857,272.95898,273.1919,273.9259,275.39493,1,2.5085374e-06,0.26665562,0.27275255,0.27160838,0.31155252
434,-122.58770833333334,51.61213333333333,2011-12-13,12,D,-0.042484004,1.1850194,266.42065,268.77872,269.75586,273.39294,276.10013,2,2.0418277e-06,0.32394275,0.3219308,0.3116196,0.31201705
435,-118.26474999999999,55.91055,2011-12-13,12,N,0.34728062,0.24147746,269.87662,270.3993,270.7639,273.36624,277.77194,4,0.00082366844,0.40315655,0.36662856,0.37611878,0.32725826
436,-120.37985,49.2192,2011-12-14,12,N,-0.95784694,0.7900636,269.76672,271.40295,270.866,273.4874,275.7376,2,6.372403e-06,0.33176497,0.3285394,0.31535545,0.33590466
437,-119.92201428571427,52.85322857142857,2011-12-15,12,D,-0.19149156,0.43292996,261.15308,272.9954,273.24496,273.9531,275.21768,1,0.00049810053,0.20602758,0.21064286,0.21133721,0.26927084
438,-116.38175,54.339,2011-12-17,12,D,0.33506933,2.7034938,271.94775,271.5105,272.016,273.60495,276.41574,2,8.952799e-05,0.31573397,0.31076404,0.28635618,0.3679479
439,-115.78596363636365,54.75334545454545,2011-12-18,12,D,2.4363866,-1.384684,269.19873,271.9292,271.64774,273.3367,276.01852,2,1.3307154e-05,0.3255579,0.3074468,0.2823633,0.36461663
440,-121.52924999999999,50.4855,2011-12-19,12,D,0.7142026,1.1431454,268.66467,272.95096,271.98895,273.40656,276.01938,2,4.3621205e-07,0.31387955,0.30042428,0.26046345,0.29994914
441,-123.44822142857143,52.64045,2011-12-20,12,D,5.729014,1.6930084,275.22824,272.8758,271.45023,272.99338,275.50635,2,0.0,0.33808598,0.3382681,0.34694952,0.34818497
442,-120.74987000000002,55.020360000000004,2011-12-20,12,N,4.9265375,0.84655607,270.93723,272.72018,272.08713,273.14792,275.05362,1,0.00055938493,0.2927822,0.2887236,0.27233928,0.3194365
443,-114.5847375,54.77735,2011-12-21,12,D,3.1267247,-1.6365168,270.33936,272.86023,271.1767,272.97867,276.59802,2,4.4931035e-06,0.42906865,0.41481298,0.41190642,0.43164665
444,-118.0655,57.2201,2011-12-21,12,N,3.7400453,1.2497063,267.92722,268.9039,270.91763,272.2548,275.6059,3,0.0,0.3627292,0.3363253,0.32703602,0.30520338
445,-122.34078571428572,51.67211428571428,2011-12-22,12,D,0.34924367,1.7814068,263.15665,271.03738,271.9467,273.4045,276.04153,2,5.0126673e-06,0.31876233,0.31129327,0.29093406,0.2987421
446,-113.08038571428571,55.27972857142857,2011-12-23,12,D,1.7426052,2.9987555,269.50986,269.5676,271.19952,272.66132,276.37604,3,1.7227727e-06,0.34505042,0.32738385,0.32095298,0.33957228
447,-116.16918571428572,56.423,2011-12-24,12,D,7.593149,1.0914613,275.3677,273.63922,271.05737,272.4046,275.68018,3,5.3813057e-08,0.35503328,0.34069318,0.33255905,0.31102085
448,-115.9203,55.0292,2011-12-26,12,D,5.2931056,-2.5153825,272.41638,273.47937,272.24722,273.13214,275.78674,2,0.00024501406,0.34050214,0.3259796,0.2963134,0.34718356
449,-118.8064,55.469899999999996,2011-12-27,12,D,1.4733543,2.9325159,271.7699,272.58594,272.5611,273.48163,276.73242,4,1.2513751e-05,0.37559527,0.36374477,0.36989734,0.35635975
450,-116.173325,54.320075,2011-12-28,12,D,-2.6728218,2.1335917,264.41376,271.93594,272.55896,273.50314,275.67697,2,0.0003502184,0.3033024,0.29946434,0.27770606,0.36058465
451,-116.8614357142857,54.72237142857143,2011-12-29,12,D,2.389204,1.5797005,271.99896,270.35474,272.30145,273.50708,276.28058,2,0.0014867008,0.40002626,0.39383897,0.36086398,0.40925282
452,-117.164175,52.623725,2011-12-30,12,D,0.5454577,2.3631063,262.9903,272.76166,272.76334,272.94656,274.02188,1,0.000367973,0.22243911,0.22314808,0.21079831,0.26518267
453,-116.2977,52.5892,2011-12-31,12,D,2.8428323,0.36907068,262.43393,271.3905,272.55667,273.22968,274.741,1,1.5952644e-06,0.29844132,0.29863864,0.29244155,0.35944617
