,longitude,latitude,date,daynight,10m_u_component_of_wind,10m_v_component_of_wind,2m_temperature,soil_temperature_level_1,soil_temperature_level_2,soil_temperature_level_3,soil_temperature_level_4,soil_type,total_precipitation,volumetric_soil_water_layer_1,volumetric_soil_water_layer_2,volumetric_soil_water_layer_3,volumetric_soil_water_layer_4
0,-115.849,55.696,2020-01-04,D,1.307426,2.8943696,265.89972,268.47513,270.73834,272.23978,274.91565,3.1111112,1.789818e-05,0.38563097,0.37041545,0.37508166,0.3648976
1,-116.8125,53.581665,2020-01-06,D,2.5356631,-0.13158445,265.49857,271.84305,271.86066,273.31216,275.6788,4.2222223,4.8335933e-05,0.4711209,0.4730074,0.47893503,0.5262693
2,-122.4705,52.300663,2020-01-20,D,-3.2949893,3.7371588,274.18335,272.91855,272.6759,273.12683,274.6958,2.0,9.598971e-05,0.3572902,0.35737863,0.3610958,0.37133452
3,-107.2775,53.85367,2020-01-21,D,3.7346835,-0.77788615,266.24402,264.56107,266.04468,268.82358,273.78183,2.8888888,0.0,0.3271693,0.29790497,0.29831868,0.31287313
4,-121.974495,56.259663,2020-01-21,N,-0.12867586,-0.7209857,265.2965,268.38748,270.18848,271.26086,273.84305,1.5555556,8.0401305e-06,0.30730027,0.3021132,0.29465157,0.28698388
5,-117.6475,54.811665,2020-01-22,D,1.6082363,1.5978105,270.11316,271.78082,270.8612,272.7399,274.5142,2.0,1.9278832e-05,0.39516294,0.37674937,0.3816174,0.4120042
6,-119.46449,56.05267,2020-01-23,N,0.5370464,1.6158366,269.2576,267.972,270.33017,272.19348,274.55606,4.0,4.1210107e-05,0.43949762,0.4377649,0.43794596,0.40908465
7,-119.7145,54.85967,2020-01-24,D,1.1741564,1.8288207,267.1249,269.75302,271.2999,272.74454,274.34476,2.3333232,8.303725e-07,0.38235056,0.37885746,0.3839118,0.3958007
8,-122.2945,56.731663,2020-01-24,N,-0.09912208,1.5707802,270.51697,270.49597,269.84467,270.68738,273.68817,1.6666666,8.955764e-05,0.3170025,0.30259788,0.2981596,0.28938892
9,-116.625496,54.204666,2020-01-25,D,2.4206514,1.9249454,267.38513,269.25308,271.14963,272.76743,274.16446,2.0,0.0,0.3547374,0.34560847,0.3429806,0.39818335
10,-120.6975,56.049667,2020-01-25,N,0.63330853,2.3680255,273.9806,270.10248,271.3005,272.52112,274.17432,2.3333316,0.0,0.35669267,0.35265437,0.35209906,0.30318627
11,-114.073494,55.658665,2020-01-26,D,0.5333294,1.9342136,263.09442,266.44632,268.23285,270.4886,274.92145,5.0,0.0,0.53902775,0.49487936,0.4993293,0.488998
12,-120.847496,55.069996,2020-01-26,N,0.34800893,0.9150859,269.3578,270.71613,271.7079,272.6899,273.9228,1.4444444,2.12376e-05,0.3042253,0.30185756,0.30001518,0.33420473
13,-118.9235,54.896667,2020-01-27,D,1.0832906,2.46534,263.44614,269.35187,271.09247,272.8861,274.63284,3.1111078,1.4072332e-05,0.40658316,0.39916924,0.40387905,0.4261075
14,-119.0035,54.959667,2020-01-28,D,0.98637074,1.2008224,261.48788,270.17075,270.98285,272.86426,274.64618,3.1111078,0.0,0.41249478,0.4055405,0.41084796,0.4279288
15,-121.7775,55.827667,2020-01-29,D,-0.31867024,2.5268323,267.95056,271.90378,271.9021,272.44202,273.92575,2.0,2.2965191e-06,0.32841673,0.32822716,0.32575515,0.32984632
16,-121.107506,55.584667,2020-01-30,D,2.9437113,3.4447742,271.3633,272.4724,271.82764,272.67255,273.99936,2.2222223,1.2558962e-07,0.34785017,0.34630147,0.34746832,0.3442921
17,-113.6735,56.956665,2020-01-30,N,1.9489534,2.9375818,272.41385,267.50266,267.78036,269.72107,274.159,4.3333335,0.0,0.50065243,0.44889122,0.44827133,0.44974142
18,-122.2235,55.806667,2020-01-31,N,0.38023612,2.110743,270.08737,271.95837,272.28674,272.62677,273.85608,1.5555556,5.5649067e-05,0.28806996,0.29017842,0.29034427,0.3173936
19,-109.9085,54.663666,2020-02-02,N,2.4938302,-3.1391573,261.7423,269.75107,270.9908,271.23502,273.72037,2.4444478,0.0,0.31781846,0.3108891,0.30124375,0.29628688
20,-121.054504,55.085003,2020-02-06,D,3.3057206,2.1669617,269.13586,272.87567,272.33267,272.74673,273.85135,1.3333334,2.6606538e-06,0.286954,0.2896995,0.28599894,0.3253882
21,-118.1075,54.446667,2020-02-07,D,3.8547204,1.8673791,268.92258,272.36026,271.66586,272.59085,273.9644,2.0,0.0,0.34334648,0.34381548,0.33825728,0.38943076
22,-118.801506,54.826664,2020-02-08,D,2.0606835,-0.6391363,266.77502,272.5543,271.8586,272.7912,274.2811,2.555554,3.7625894e-06,0.37972742,0.38205215,0.38431337,0.42126596
23,-120.2655,55.347668,2020-02-09,D,7.718092,2.2504473,272.16882,272.6987,271.95343,272.4788,273.93503,2.4444444,9.947637e-06,0.3579916,0.36126745,0.36522448,0.36440146
24,-121.7015,56.551666,2020-02-10,D,2.7917962,0.23806895,262.60428,271.8171,271.37173,271.19055,273.59125,1.4444444,0.0,0.30237415,0.29710132,0.278273,0.2562892
25,-120.5285,55.1725,2020-02-15,D,-0.23591201,2.2232015,261.82184,271.1425,271.9605,272.52515,273.84122,1.8333334,2.7700227e-05,0.336001,0.3390856,0.34290564,0.36749062
26,-118.705505,54.06067,2020-02-19,D,2.165279,3.0351806,258.94446,269.92877,272.17355,272.75854,273.82355,1.7777778,0.0,0.29660594,0.29681432,0.29194278,0.34910676
27,-83.0705,42.10967,2020-02-20,D,2.3082886,-4.066403,265.905,271.61182,273.28793,273.99365,275.53625,1.1111077,2.4328587e-05,0.1871452,0.18816116,0.19531779,0.19492653
28,-111.5595,57.437668,2020-02-22,N,3.9765155,0.59056306,276.31534,271.9953,270.43668,270.74594,273.71185,3.0000103,2.6467912e-08,0.38615248,0.36107084,0.34702048,0.3604784
29,-90.9975,49.46367,2020-02-23,D,0.5441456,2.8261838,264.8592,268.19446,271.56357,272.33197,273.6739,1.0,0.0,0.20424205,0.20587555,0.20819129,0.24930316
30,-116.5665,56.423664,2020-02-23,N,1.5290608,-0.6696484,270.63797,272.02692,270.88687,271.16058,273.6892,3.0,0.0,0.39045778,0.3884902,0.37237766,0.3585415
31,-116.3715,55.078663,2020-02-24,D,0.25370964,0.2769996,258.5491,271.4082,271.6325,272.449,273.86935,2.2222223,0.0,0.35530746,0.3532476,0.34302625,0.38394
32,-118.0335,53.835663,2020-02-26,D,2.832948,2.5228026,266.45584,272.13364,272.02768,272.6227,273.77942,1.8888888,3.6273696e-07,0.30709693,0.30914032,0.30123794,0.36536595
33,-115.2645,53.751667,2020-02-27,D,3.5891898,2.5204358,274.25922,272.86813,271.8876,272.76422,273.96408,2.2222223,3.028849e-06,0.34197795,0.3417955,0.32961792,0.39102066
34,-115.2105,56.64467,2020-02-28,D,6.4837875,1.5031266,275.51132,272.23575,270.65805,271.59326,274.16324,4.6666665,0.0,0.5388178,0.49222305,0.47324187,0.44864857
35,-120.4115,56.862667,2020-02-28,N,1.27885,0.9124534,274.428,271.4759,271.57043,272.30658,274.23013,4.6666665,0.0,0.47691843,0.45493963,0.43886492,0.40637684
36,-122.29749,55.727665,2020-03-09,D,2.3098454,2.2471497,259.71967,270.97845,272.20786,272.74826,273.68866,1.5555556,0.0,0.25841597,0.2602212,0.2543039,0.3032024
37,-120.830505,49.980667,2020-03-21,D,0.97117096,0.5653169,271.06522,273.3035,272.26962,272.92523,273.8277,2.0,0.0,0.31425583,0.3198415,0.32994664,0.32524124
38,-121.875496,51.12267,2020-03-22,N,0.56351733,2.0844398,277.27393,272.7226,272.71484,272.8507,273.7408,2.0,3.397342e-06,0.3176552,0.31153706,0.3137592,0.31614938
39,-131.95949,53.578663,2020-03-23,D,0.26763082,-2.4310808,277.68793,278.81305,277.93433,277.9968,278.15198,1.4444479,4.1686486e-05,0.20993987,0.20656425,0.20295797,0.2204984
40,-101.250496,49.632664,2020-03-27,D,4.8802886,0.69902056,273.8406,273.37836,271.19748,270.91595,273.38672,2.111101,0.0,0.38457397,0.3958777,0.32337016,0.30197805
41,-100.9275,49.812668,2020-03-29,D,-2.7439585,-1.659792,270.42834,272.81802,271.70554,270.7276,273.1992,2.222217,0.0,0.36814868,0.37795416,0.3110167,0.2912426
42,-105.561,50.858,2020-03-30,D,0.88742864,2.5969374,274.35425,272.75012,271.4461,270.84717,273.33972,2.6666667,4.324391e-06,0.32204098,0.30952793,0.29042935,0.26010036
43,-125.663506,50.115665,2020-04-07,D,1.4060173,-0.09246808,275.30368,275.26688,275.38586,274.82587,274.72433,1.0,2.0035434e-06,0.2659992,0.27345058,0.2555784,0.31528768
44,-123.7855,53.884663,2020-04-10,N,2.463833,-2.7768903,280.4774,274.33386,272.56628,273.00565,273.82443,2.444441,2.6351202e-07,0.41522765,0.40297684,0.35760036,0.3674139
45,-97.5265,50.895664,2020-04-12,N,2.4802682,-2.3360171,270.17157,271.91977,272.1259,271.0504,273.0292,2.5555506,2.0370353e-05,0.38802883,0.39612487,0.3419201,0.28704566
46,-105.3395,51.624664,2020-04-14,D,1.7971503,0.47024262,258.82144,263.99533,270.48422,270.71326,273.0562,2.0,0.0,0.3042327,0.28456008,0.27043194,0.26036593
47,-102.25851,50.255665,2020-04-15,D,1.0196912,-2.1447115,261.62225,265.0232,270.56488,270.93286,272.99442,2.0,0.0,0.37342,0.37953264,0.31239748,0.27059394
48,-97.717995,51.209,2020-04-16,D,1.5603802,-2.6541586,267.28232,270.8073,270.7961,270.9769,273.00937,2.4444444,1.2607141e-07,0.38208452,0.38869223,0.3345097,0.28704336
49,-98.5965,49.30267,2020-04-17,D,2.9624672,2.3715658,268.7735,272.07034,272.3551,271.43903,273.1112,1.6666666,0.0,0.3335802,0.34454656,0.34177285,0.2934975
50,-104.9215,50.477665,2020-04-19,D,2.9171896,2.6827376,267.2638,268.8236,271.26355,271.18915,273.41443,3.1111112,0.0,0.38725618,0.39467946,0.36316872,0.3107183
51,-113.2525,52.523666,2020-04-20,D,2.924026,0.07550679,278.34674,275.9034,272.50464,271.96692,273.5506,2.0,9.67741e-08,0.38595662,0.3997027,0.35135025,0.30078402
52,-104.2725,49.887665,2020-04-21,D,-1.0811844,2.604397,272.9591,274.00314,271.91565,271.2412,273.36975,3.5555556,0.0,0.378626,0.3897756,0.35094708,0.29937464
53,-97.0115,50.0565,2020-04-22,D,-3.6876462,0.98916245,272.3159,273.95456,272.84244,271.74576,273.53317,4.0,0.0,0.43534935,0.44295594,0.43838033,0.41008437
54,-100.4105,50.270664,2020-04-23,D,1.9527155,-1.9933916,274.82214,273.91272,272.5861,271.1827,273.13547,2.1111112,0.0,0.38004875,0.3799041,0.34067872,0.31015036
55,-110.9905,52.786,2020-04-24,D,2.9751148,-1.1582142,274.36365,275.274,275.72095,272.0732,273.52612,2.0,0.0,0.3816105,0.37768683,0.32586923,0.23696171
56,-101.54649,49.424667,2020-04-25,D,1.5202702,-2.7254555,275.09692,275.46985,275.39935,271.6901,273.37878,2.0,5.854377e-07,0.40030468,0.40254828,0.3809707,0.31687233
57,-110.194496,50.881668,2020-04-26,D,7.127805,-0.9397781,278.91562,278.6626,279.50916,271.76825,273.37537,2.0,3.6326765e-07,0.31723186,0.29416972,0.28324547,0.2209201
58,-97.809494,49.656666,2020-04-27,D,4.495501,-0.0021495086,278.43954,277.88174,278.783,272.2081,273.4537,4.0,0.0,0.42291364,0.41155243,0.4050167,0.37593737
59,-103.9705,49.090668,2020-04-28,N,2.4711895,-9.693459,283.56415,284.33832,280.18112,272.02267,273.31433,2.0,1.6581283e-05,0.3036243,0.28651273,0.31506035,0.24572168
60,-101.4155,50.432667,2020-04-29,D,0.883932,2.0892446,271.48288,273.22833,275.26712,271.44788,272.97726,2.0,0.0,0.38032818,0.36540148,0.32660854,0.28225523
61,-97.7145,49.806667,2020-04-30,D,0.27183378,3.7965732,278.91556,278.12756,279.3831,272.31848,273.5045,4.0,0.0,0.4417196,0.4502707,0.43043518,0.39521635
62,-114.1745,50.913,2020-05-01,D,1.4226683,0.039354034,272.98456,275.29944,277.86816,271.96274,273.33316,2.0,0.0,0.2634514,0.25550497,0.2584309,0.23957157
63,-106.376495,50.9645,2020-05-02,D,1.7812402,-0.03902005,273.26953,275.8216,279.38245,271.91183,273.13876,2.0,0.0,0.23910919,0.24607566,0.28157383,0.26240063
64,-101.6875,50.92267,2020-05-03,D,-2.7507234,-0.020200491,271.1742,273.8666,276.2759,271.6477,272.9737,2.0,0.0,0.3286089,0.3379063,0.318115,0.278029
65,-97.2335,49.5955,2020-05-04,D,-2.4656565,1.6445616,273.94174,274.80038,276.86115,272.58176,273.6476,4.0,0.0,0.43411136,0.444489,0.45889628,0.44411576
66,-116.7535,58.112995,2020-05-04,N,-3.5854754,-0.7778371,291.77722,286.59402,279.9293,271.4637,272.81903,2.4444427,2.9467544e-06,0.28421718,0.3019257,0.28729087,0.22672065
67,-100.8295,50.9235,2020-05-05,D,2.5925608,-0.64461476,276.29993,275.7452,276.03925,271.62735,272.88666,2.0,1.0385178e-05,0.31649154,0.3275735,0.31146675,0.28428084
68,-102.36649,51.534668,2020-05-06,D,-2.7225103,0.103790894,274.90643,276.5958,278.31464,271.79944,272.77057,2.0,0.0,0.26307166,0.26854235,0.2794417,0.25871855
69,-100.9415,50.625668,2020-05-07,D,-3.270757,-1.8258449,270.17126,273.32623,276.90628,271.9303,272.94543,2.0,0.0,0.29011452,0.3046719,0.31850752,0.2853226
70,-107.4765,52.99667,2020-05-07,N,0.38105524,1.8676158,290.19794,288.3218,280.21713,271.87238,273.00522,2.3333333,0.0,0.23959745,0.24443428,0.28377515,0.27356678
71,-98.068504,49.572666,2020-05-08,D,0.62306225,-1.5649028,269.6821,272.52115,275.8072,273.03186,273.18445,2.777776,0.0,0.31323358,0.33312094,0.35866845,0.32760757
72,-104.999504,53.29767,2020-05-08,N,-2.4550104,-4.0154743,275.7367,277.51822,276.9523,271.7613,272.724,2.2222188,0.0009876924,0.30806008,0.26938102,0.2890469,0.2522113
73,-96.442505,50.112667,2020-05-09,D,-2.0380847,-2.2713587,272.68033,273.82037,274.83112,272.7253,273.81912,4.6666665,0.0,0.44693378,0.46551156,0.49740908,0.49003613
74,-103.2605,50.972668,2020-05-10,D,0.12432674,-2.6574605,268.73007,272.02612,275.14825,272.00238,273.0492,2.9999914,0.0,0.31614193,0.29226726,0.31085002,0.28114843
75,-101.4535,51.0515,2020-05-11,D,0.9884879,-0.589808,267.45822,270.2317,274.09097,271.96664,273.02618,2.3333333,0.0,0.3122879,0.29623127,0.33069906,0.29395297
76,-102.4185,51.395664,2020-05-12,D,-1.4688368,2.6423078,268.2494,270.58353,274.10834,272.14615,272.80304,2.0,0.0,0.26715395,0.2536787,0.28456756,0.25796717
77,-99.1535,51.280666,2020-05-12,N,-2.5849473,3.4095612,281.98254,279.2442,273.87988,272.62466,272.94394,1.8888956,0.0,0.21736418,0.23797518,0.26569346,0.25836286
78,-116.3535,55.5815,2020-05-13,D,1.3063562,1.9009705,273.94586,273.5015,277.80963,273.0841,273.53268,3.5,0.0,0.36651257,0.3810914,0.4162206,0.40585303
79,-110.0285,55.1015,2020-05-13,N,1.59445,1.2277465,287.63168,282.6052,276.6882,272.6207,273.40244,3.499977,0.0,0.3653536,0.38011718,0.39645934,0.40080956
80,-104.280495,52.74767,2020-05-14,D,3.3522615,0.439123,275.5318,275.31476,276.46313,271.76642,273.0068,2.4444444,0.0,0.31411612,0.322406,0.33953515,0.31764796
81,-103.99149,52.22867,2020-05-15,D,-1.4752094,-2.8283625,272.68045,274.72943,277.51843,272.1239,272.80804,2.0,7.1363246e-08,0.25277707,0.25986236,0.27564928,0.26666299
82,-104.961494,53.28967,2020-05-15,N,1.9714102,0.65590376,285.11252,283.5675,277.54016,272.06546,272.71143,2.2222188,0.0,0.2258392,0.24424832,0.27992535,0.2534796
83,-102.8205,51.83267,2020-05-16,D,-1.1733549,1.3454309,275.07254,275.0362,277.54004,272.15875,272.70468,2.0,0.0,0.22933637,0.22856611,0.2740521,0.26463214
84,-104.324,52.447502,2020-05-16,N,1.8459066,4.6434226,294.67978,288.90536,280.03207,272.08902,272.8716,2.0,5.232947e-06,0.23354395,0.2526153,0.2966974,0.27876204
85,-100.0965,51.1465,2020-05-17,D,1.1219226,3.3130124,282.02164,279.78403,279.50815,272.30783,273.01523,2.0,0.0,0.23935218,0.2625668,0.31967357,0.29656693
86,-104.9505,52.88667,2020-05-17,N,-0.21891937,6.020931,296.02945,289.90668,283.29214,272.15405,272.95618,2.3333282,0.0,0.24110821,0.26724198,0.31999472,0.3037903
87,-98.567505,50.420666,2020-05-18,D,-1.9957181,5.8950953,285.44022,282.86133,281.2361,274.21304,273.26144,1.6666514,0.0,0.21753101,0.2382148,0.2798062,0.2743871
88,-102.595505,51.847668,2020-05-19,D,-0.35253093,5.396993,288.21814,286.7478,284.08334,272.45847,272.6691,2.0,0.0,0.17476588,0.17799288,0.2561572,0.26009825
89,-105.0445,53.271667,2020-05-19,N,1.5636247,-4.4484444,293.9801,291.1146,283.92545,272.49396,272.74396,2.2222188,0.0,0.20006399,0.21330664,0.27592131,0.2552338
90,-98.7425,51.24667,2020-05-20,D,-0.81190926,4.268294,286.2317,284.34793,282.9968,275.38065,273.22842,1.6666718,0.0,0.1498163,0.19177993,0.2316054,0.24641047
91,-105.3125,53.23467,2020-05-20,N,-5.6884933,-3.5433235,285.86508,285.1755,281.55478,272.6218,272.82397,1.9999949,0.0,0.18633373,0.19935484,0.25840324,0.23972374
92,-100.970505,50.8415,2020-05-21,D,-2.8442318,5.145084,286.89777,285.59888,284.97327,272.70377,272.9146,2.0,0.0,0.18423373,0.20608248,0.28485388,0.27685344
93,-116.4585,55.456665,2020-05-21,N,-3.5846608,-4.701591,280.9035,282.1786,281.278,275.12277,273.5415,2.999995,0.0019432687,0.43322277,0.37965995,0.39435807,0.39321846
94,-100.2045,49.9965,2020-05-22,D,1.3396927,-1.0196728,283.83334,283.45728,284.11005,273.72626,273.19275,2.0,0.0,0.22753844,0.24561779,0.32383075,0.32245326
95,-100.748505,50.1845,2020-05-23,D,1.8343812,-2.7556207,284.8708,284.18243,283.90295,273.38074,273.00137,2.25,1.7420548e-07,0.33908004,0.23562022,0.3031898,0.30831027
96,-100.9005,50.93567,2020-05-23,N,3.3733985,0.19985203,293.48975,292.09024,284.4037,272.84988,272.9381,2.6666667,0.0,0.25201547,0.22164373,0.30724415,0.3025671
97,-104.818504,52.45767,2020-05-24,D,1.7297255,-1.8579042,281.20752,281.2444,280.90396,273.02856,272.86853,2.2222223,5.3015056e-06,0.22341561,0.22639953,0.2929693,0.28635478
98,-103.418495,53.493668,2020-05-24,N,1.7243992,-0.26383814,293.54712,289.8255,282.23718,272.65903,273.1196,4.0,0.0,0.280527,0.3059109,0.37326565,0.37029442
99,-99.8675,51.436665,2020-05-25,D,1.2336504,0.7804482,283.39542,281.3442,282.1555,276.30807,273.82047,2.3333385,0.0,0.17799455,0.1958487,0.26274398,0.27265608
100,-103.6475,51.33667,2020-05-25,N,0.5425494,1.0902712,295.609,292.64166,282.6785,273.4247,272.91614,2.7777777,1.234233e-06,0.1785501,0.18848664,0.25324264,0.26782635
101,-105.2985,51.903667,2020-05-26,D,1.5095502,3.12549,286.9495,285.24146,283.89462,274.5025,272.90115,2.2222223,0.0,0.18454069,0.18272614,0.25224006,0.26763165
102,-110.586494,52.85367,2020-05-27,D,6.2662606,-1.3223324,279.26917,280.85303,283.59238,279.81888,273.60583,2.0,0.0,0.31115863,0.30501783,0.27918264,0.25215456
103,-111.9145,53.430664,2020-05-28,D,2.0754225,-0.4108151,276.97247,278.5117,281.70163,279.3469,273.48465,2.0,0.0,0.31848824,0.32169187,0.30214235,0.29104215
104,-105.5845,51.9465,2020-05-29,D,-0.10899483,1.3261011,277.32437,277.90887,280.86383,275.9082,272.96146,2.5,0.0,0.25914896,0.21995208,0.28474674,0.29719293
105,-116.336494,58.285664,2020-05-29,N,-1.2851588,0.015454094,293.2923,288.209,281.3998,273.56763,272.67032,2.000005,0.0,0.2485295,0.24521446,0.26811698,0.22099444
106,-100.1745,49.96867,2020-05-30,D,0.5186215,2.4962254,277.09845,276.87155,280.43787,279.0348,273.24487,2.0,0.0,0.23926991,0.23864447,0.30109823,0.32174963
107,-101.6435,51.46167,2020-05-30,N,2.8298578,1.156428,294.46545,290.9427,282.04156,273.98044,272.8805,2.4444444,0.0,0.22829281,0.22409126,0.30641875,0.32170343
108,-101.18801,50.54067,2020-05-31,D,-1.9673055,3.4157994,282.52948,281.85056,282.64456,277.15344,272.9745,2.0,0.0,0.20782985,0.19651948,0.26349953,0.28147984
109,-99.5595,50.079666,2020-06-01,D,1.927749,2.5434835,289.81662,287.81583,286.63474,279.9452,273.12592,1.8888888,0.00024924468,0.2367974,0.19912617,0.2752919,0.30849683
110,-98.946495,50.145664,2020-06-01,N,7.3869214,1.2685922,300.96957,297.33057,290.30304,281.66925,273.03268,1.6666666,0.0,0.22157182,0.16801485,0.23935443,0.27369016
111,-101.4905,51.918667,2020-06-02,D,2.1239777,0.83580714,284.72302,283.41513,284.55032,274.10956,272.74628,2.2222223,0.0,0.19367838,0.1940719,0.2667242,0.30673674
112,-100.1495,51.600666,2020-06-02,N,1.4096038,-3.2633593,292.71082,293.43112,288.66626,280.8865,276.8676,2.1111195,6.58427e-05,0.15190929,0.14985235,0.21700981,0.23998481
113,-101.5755,51.409668,2020-06-03,D,-1.1960363,4.105697,284.57953,282.42383,284.19403,276.32465,272.9428,3.1111112,0.0,0.21916917,0.21990424,0.30280197,0.33109084
114,-103.3985,51.18567,2020-06-03,N,10.538008,-0.33484328,292.69727,293.7905,286.8275,278.7728,272.9593,2.5555556,0.0,0.1735593,0.16830325,0.23898432,0.26512626
115,-95.6915,50.79767,2020-06-04,D,2.7598293,1.5696691,288.4507,286.92416,285.83734,275.97025,273.5636,4.6666665,0.0,0.4308935,0.44616905,0.47954538,0.516395
116,-104.543495,51.427498,2020-06-05,D,-0.21088792,1.212927,278.95294,280.60205,284.0836,281.35828,273.03214,2.3333333,1.0828678e-05,0.18587261,0.16155267,0.21903837,0.25784305
117,-98.306496,50.85167,2020-06-06,D,-3.4625258,0.682226,283.16922,283.41275,285.7079,284.71445,277.89124,1.1111112,0.0,0.15005511,0.15826339,0.2041945,0.2287287
118,-103.1045,51.252666,2020-06-06,N,-8.365341,1.3854327,283.96,284.80234,283.5933,280.1303,272.9442,2.5555556,0.00028269397,0.24369138,0.16152044,0.23191553,0.25842214
119,-88.7905,48.097668,2020-06-08,D,-2.6565466,3.4774535,279.5999,275.6915,276.3214,276.3517,276.09866,0.0,0.0,0.0072751013,0.005636097,0.004786269,0.0075448356
120,-102.198494,51.24867,2020-06-09,D,2.697194,-1.5916779,281.35425,282.14587,284.489,281.48926,272.9509,2.0,0.0,0.30419326,0.22345178,0.23501576,0.26694286
121,-101.977,49.943665,2020-06-09,N,1.2655191,-5.255291,290.5334,291.2103,286.9698,282.60574,273.18588,2.0,5.4589615e-05,0.28437036,0.22408114,0.26141208,0.2869292
122,-102.8935,52.44867,2020-06-10,N,3.616091,-2.412335,292.33658,289.89056,284.17508,278.44174,272.7358,2.3333333,2.6257167e-05,0.26939043,0.21319753,0.23731825,0.26927817
123,-102.3915,52.2785,2020-06-12,D,-2.4205818,1.3415505,277.76077,278.0945,281.01978,279.35226,272.60065,2.0,0.0,0.26825324,0.22154833,0.23288715,0.27263543
124,-104.5725,51.919666,2020-06-12,N,-5.7493153,4.4170995,296.73688,293.19397,286.6163,281.62964,272.983,2.2222223,0.0,0.2223519,0.21722908,0.22724114,0.26606023
125,-131.2815,63.792664,2020-06-13,D,-1.4447359,-0.4322823,278.46567,278.57526,279.869,275.82053,273.2666,1.0,5.886798e-07,0.25460222,0.27526337,0.31483874,0.3073028
126,-113.2905,56.84667,2020-06-13,N,-3.2514322,-0.14179675,297.7665,292.88705,284.38287,273.32803,273.5459,6.0,1.5674718e-06,0.5771997,0.5880661,0.5735784,0.55279374
127,-134.9235,65.35166,2020-06-14,D,0.19028026,0.73473346,283.99088,283.86285,285.40024,280.65872,273.3911,1.0,0.0,0.18000871,0.1895126,0.23409578,0.24954838
128,-136.7505,66.30367,2020-06-14,N,-3.2960746,-1.5598041,294.6991,291.19275,285.37384,277.91003,272.88318,1.0,0.0,0.16527516,0.16455288,0.21780968,0.26163614
129,-127.6975,62.2005,2020-06-15,D,-1.1612092,-1.1206328,279.4104,278.59595,278.21777,273.41406,273.02634,1.0,0.00091322354,0.31351998,0.28948602,0.32776698,0.30735
130,-134.9455,65.25066,2020-06-15,N,-1.7796075,-2.972094,291.3021,289.85895,286.2221,281.28574,273.4087,1.0,0.00012413239,0.17542441,0.1993045,0.2423392,0.25245243
131,-104.343506,58.651,2020-06-16,D,-4.8896446,0.010006918,282.45914,282.59424,282.504,274.74402,272.59845,1.0,3.049324e-05,0.28317735,0.2760615,0.25115138,0.23423049
132,-103.692505,52.285664,2020-06-16,N,-0.6600954,1.2338002,298.45184,296.41125,289.62262,282.61975,272.97357,2.0,0.0,0.20706457,0.18958749,0.21040548,0.25650278
133,-90.9915,50.6685,2020-06-17,D,2.6963332,4.924567,294.992,293.97244,290.7178,282.65274,273.82883,1.0,0.0,0.2595952,0.24738863,0.21306954,0.23316213
134,-75.4445,49.9595,2020-06-18,D,3.527454,1.2405105,296.9063,295.147,289.86655,280.36307,273.6601,1.0,0.0,0.26045093,0.2857305,0.31630945,0.37815508
135,-117.2725,55.798664,2020-06-18,N,-1.4269397,1.0727715,294.3571,290.02368,285.40546,281.77872,273.98578,3.5555556,1.5721148e-06,0.4349922,0.43832767,0.37625802,0.35658374
136,-77.6945,50.354664,2020-06-19,D,2.9689445,1.2735182,295.90244,293.91644,290.861,280.1574,273.9432,3.5,0.0,0.40015653,0.42771223,0.47154197,0.4916984
137,-73.3255,49.87967,2020-06-19,N,4.163541,-1.7381945,300.73013,300.1399,293.64124,283.11136,273.5524,1.0,0.0,0.12038798,0.1715805,0.21225376,0.28747213
138,-74.3905,48.3715,2020-06-20,D,0.5441312,0.5124984,292.59308,290.08853,289.7544,284.00885,273.96478,1.0,0.0,0.14228413,0.18863326,0.2212317,0.27985716
139,-72.89349,49.826664,2020-06-20,N,-0.34096864,0.57853943,294.64468,297.57535,293.40247,284.30905,273.6286,1.0,0.0011891887,0.14783774,0.15989284,0.20320012,0.2882479
140,-71.3045,48.58667,2020-06-21,D,-0.93110234,1.4914536,292.58313,289.884,291.76343,285.52414,275.7235,1.0,0.0,0.105890706,0.13235797,0.13238676,0.25318083
141,-121.1265,56.903667,2020-06-21,N,3.7092085,3.2835774,292.87823,291.24155,287.1855,282.12213,273.8258,2.2222223,7.313929e-06,0.35067314,0.36159256,0.34587985,0.3051129
142,-115.1045,59.1825,2020-06-22,D,2.2753654,0.55594397,284.4268,283.9782,284.46387,272.68854,273.6481,6.0,0.0,0.6424673,0.6540049,0.675492,0.6485475
143,-99.3955,50.850666,2020-06-23,D,2.8021922,0.28659868,286.57095,285.14944,286.27554,283.68933,273.67642,2.0,0.0,0.247168,0.22900891,0.27000988,0.3119367
144,-72.7705,48.09367,2020-06-23,N,-0.23550041,0.9693969,295.58505,297.14935,293.88208,286.8819,275.71417,1.0,4.8980615e-07,0.12876277,0.14178139,0.16491583,0.249006
145,-100.75449,51.4775,2020-06-24,D,1.1054808,1.4740442,286.63025,284.0547,285.5307,280.45218,273.17554,3.3333333,0.0,0.3401394,0.32370234,0.33476242,0.36702323
146,-109.88251,53.266663,2020-06-25,D,3.2095385,-1.0447861,285.93784,286.91394,289.0258,284.5807,276.38007,2.0,0.0,0.26240823,0.25110996,0.27320635,0.2806518
147,-118.194496,55.291668,2020-06-25,N,4.440536,-0.5142013,292.11563,291.24484,288.37384,284.09326,276.22604,3.222217,2.9726118e-07,0.3273708,0.33860025,0.3473318,0.41222066
148,-101.9,50.755665,2020-06-26,D,3.481485,0.20265305,287.17337,286.8394,288.8962,283.97696,273.4108,2.0,0.0,0.22268645,0.20395006,0.23581123,0.2684265
149,-106.059494,54.766663,2020-06-27,D,1.3327085,0.5284932,285.995,285.46378,286.64377,278.63022,274.19138,4.5,5.7942456e-05,0.5383467,0.54984075,0.5432379,0.53838634
150,-111.0605,55.5035,2020-06-27,N,-0.98149467,1.0053005,289.20825,288.86578,284.5184,275.1253,273.82043,6.0,0.00010069847,0.5965847,0.60470533,0.6548179,0.63784975
151,-114.4175,60.37967,2020-06-29,D,-0.22560222,-0.8841646,284.7275,282.9175,286.3422,282.63977,273.61102,2.5555453,0.0,0.30845225,0.33310562,0.3763101,0.39913774
152,-109.98151,61.363667,2020-06-29,N,-1.7770832,0.9557326,293.5606,292.41663,286.91052,282.39474,273.89868,1.0,5.9077283e-05,0.0812207,0.121347785,0.16859466,0.192543
153,-107.5065,58.5655,2020-06-30,D,-2.4579232,-0.16991353,286.59024,286.0431,287.33807,283.69968,273.35815,1.0,0.0,0.15841806,0.16147111,0.18018897,0.24085577
154,-116.9065,59.113667,2020-06-30,N,-2.1281826,-0.25669396,296.70178,292.3133,285.55087,276.40454,273.4789,5.0,8.960487e-06,0.45574957,0.45898104,0.49228606,0.45463985
155,-119.7685,64.4995,2020-07-01,D,-1.7913536,-0.037195913,288.8215,287.22406,286.0134,273.9791,273.70923,6.0,0.0,0.43288133,0.5122236,0.60098505,0.6083228
156,-109.347496,60.439667,2020-07-01,N,-7.3238525,1.0609479,293.9889,291.00784,288.41794,284.08307,273.68463,1.0,0.0,0.19244651,0.16055362,0.20310284,0.235794
157,-80.7875,46.572666,2020-07-02,N,0.100375295,-2.3702734,301.85684,301.20834,295.98978,288.54727,280.08896,1.4444444,3.7353025e-06,0.19032393,0.2234545,0.1946299,0.2978438
158,-101.3245,50.48467,2020-07-03,D,0.44163755,2.5263486,288.51263,288.71863,291.03656,286.44275,273.65588,2.0,0.0,0.2825035,0.2647461,0.24538939,0.27857292
159,-95.875496,49.999664,2020-07-04,D,-1.0574899,2.5335484,292.41623,290.74197,294.62262,287.60733,276.86472,5.7777777,0.0,0.50585514,0.51347214,0.5081942,0.56614053
160,-93.6615,53.141663,2020-07-05,D,-1.342349,1.8106503,292.7201,292.7847,292.96472,285.2243,275.33813,6.0,0.0,0.5876986,0.60200083,0.59878,0.6077865
161,-109.34049,52.862667,2020-07-06,D,3.2244282,0.18660417,284.21475,285.55637,287.99866,285.4167,276.9057,2.0,0.0,0.27664396,0.28275913,0.2414156,0.26204348
162,-75.15749,53.37367,2020-07-07,D,-0.11468177,4.738099,290.7088,290.15027,288.94067,285.77496,278.3515,1.0,0.0003488595,0.13990909,0.17159566,0.23212637,0.24709314
163,-98.7745,52.326664,2020-07-07,N,2.3878784,2.3422258,300.93494,298.03458,293.4177,288.75845,276.72104,3.0,0.0,0.30377334,0.30951092,0.26829433,0.29184008
164,-83.5625,53.989666,2020-07-08,D,2.900134,1.3315952,292.80957,289.98938,288.4442,281.84244,274.52985,6.0,0.0,0.63613915,0.6285432,0.6633834,0.6579689
165,-73.489494,45.023666,2020-07-08,N,-0.08931079,0.6776747,299.0666,300.93765,296.85153,291.1862,284.0133,1.8888804,8.276145e-05,0.22031482,0.1983947,0.1890519,0.32571706
166,-72.5275,53.2675,2020-07-09,D,2.0557938,2.444835,291.51562,289.86386,288.0247,284.9483,276.81735,1.0,0.0,0.23227401,0.20341395,0.24976909,0.27738956
167,-88.2995,55.643665,2020-07-09,N,-0.82213414,-0.16418593,296.73596,297.06238,290.4718,283.84314,274.65594,5.111101,0.00022374751,0.4533453,0.5322475,0.57218784,0.5881869
168,-85.1565,48.322666,2020-07-10,D,-0.010996242,-0.41817197,290.69998,289.76752,290.28168,287.373,279.36945,0.6666667,1.3171536e-06,0.15940952,0.12994882,0.13759188,0.20568117
169,-75.3935,51.69067,2020-07-10,N,2.1570454,1.222989,298.33328,299.77072,295.05832,287.29507,277.9543,1.0,0.00018186339,0.19802517,0.18264501,0.18505518,0.2789303
170,-107.3855,56.5895,2020-07-15,D,5.5277386,-1.5926746,286.00723,285.95895,286.0953,283.5608,273.54474,1.0,4.609425e-05,0.27977586,0.28040525,0.21560763,0.23011352
171,-101.112495,52.216663,2020-07-15,N,6.542702,-0.7058394,294.7946,292.64124,288.9369,285.1531,273.2987,2.0,1.8756841e-06,0.3101888,0.28811076,0.26175448,0.31457198
172,-84.3595,50.445667,2020-07-16,D,1.7083877,3.31658,291.91025,291.446,291.68832,287.42126,277.52896,5.4444447,0.0,0.5816053,0.5682211,0.5706919,0.5978571
173,-101.808495,49.649,2020-07-17,N,4.9912105,-2.0381346,299.57013,299.11087,292.83154,287.87003,279.15442,2.0,0.0,0.1970039,0.21880624,0.24845608,0.29988697
174,-101.285,51.13,2020-07-18,D,2.6508796,-0.74702287,287.82602,288.08728,289.92395,285.8722,275.06165,3.1111112,4.0213408e-08,0.29085836,0.2904092,0.28524953,0.31982303
175,-97.2265,50.42867,2020-07-19,D,3.338353,-6.117037,288.2887,289.75003,291.8701,289.2473,280.21793,2.8888888,0.00035456324,0.35707283,0.26708138,0.25758377,0.32244197
176,-111.4145,53.7085,2020-07-19,N,4.074148,-0.68582296,291.74655,291.83932,288.46512,286.24445,280.71725,2.0,0.0016919189,0.37767908,0.36187673,0.31243816,0.3016508
177,-119.775505,52.84367,2020-07-20,D,0.07168138,-0.074573405,278.25,277.55167,281.19635,280.47754,276.7652,1.0,0.0,0.28283995,0.2913834,0.28904572,0.314249
178,-80.7925,46.578663,2020-07-20,N,1.5801845,-2.8481607,291.9054,293.2052,292.22766,290.1782,283.8191,1.4444444,1.2523669e-06,0.2751273,0.26716053,0.20589806,0.28985932
179,-101.349495,57.58667,2020-07-21,D,0.6086479,1.8390086,288.1649,284.79117,287.055,283.7525,274.63113,1.0,7.65632e-06,0.2192755,0.23964721,0.27500793,0.26041347
180,-107.7775,53.139668,2020-07-21,N,-0.0036233994,3.6322157,295.53067,293.46542,288.82965,284.37967,274.58182,2.4444444,2.7769616e-05,0.32637486,0.31231514,0.26126915,0.2611432
181,-95.942505,56.9495,2020-07-22,D,1.7422444,2.152702,288.76468,286.87482,288.99976,285.08664,276.98615,2.0,0.0,0.32945314,0.34951916,0.39960656,0.38195792
182,-103.6625,51.309666,2020-07-22,N,-2.9262047,6.244428,299.3806,296.20563,290.38788,285.12024,274.88474,2.7777777,0.0,0.29753307,0.29728717,0.25353134,0.2635825
183,-88.0745,55.460663,2020-07-23,D,4.007265,1.9692912,290.443,288.51514,289.72614,284.8146,276.49988,5.2222223,0.0,0.44189745,0.5180273,0.5629475,0.5915637
184,-94.72849,51.02467,2020-07-23,N,0.5432268,5.2184863,297.941,296.4399,291.62006,287.3737,280.35672,1.7777778,0.0,0.31155202,0.33069456,0.30417287,0.32713068
185,-101.46299,50.784668,2020-07-24,D,1.9030342,3.6801257,291.87244,291.72168,292.91034,286.96255,277.59897,2.0,1.649766e-05,0.3672819,0.2496224,0.23522976,0.27174094
186,-86.18951,50.059666,2020-07-24,N,2.3788455,4.850662,298.62714,297.6276,293.01425,288.23376,282.45535,1.0,0.0,0.18079998,0.20291273,0.2003818,0.25214788
187,-72.0075,51.38667,2020-07-25,N,2.355588,0.87911034,289.63416,289.69794,288.44147,285.97287,280.49786,1.0,4.587725e-05,0.2932203,0.26726827,0.23803367,0.2774881
188,-119.4045,55.612,2020-07-26,N,4.2695546,0.4680846,299.41205,293.77637,288.07346,285.0248,279.28494,3.7777777,0.0,0.3414016,0.3534395,0.37709066,0.40891048
189,-104.0595,52.47867,2020-07-27,D,3.7228343,-0.993021,285.26215,285.58624,288.3049,285.7684,274.4869,2.0,0.0,0.33733264,0.34124434,0.2731557,0.2696835
190,-82.7075,51.23467,2020-07-27,N,3.225866,-1.1639924,296.9375,298.47058,294.90427,287.52377,277.52933,6.0,0.00014486095,0.6276113,0.6302399,0.65250987,0.6710882
191,-102.6135,51.058666,2020-07-28,D,2.649941,-0.36661133,285.4925,285.7815,289.71866,287.13913,277.18713,2.4444444,0.0,0.2517296,0.26116,0.23886201,0.25691235
192,-102.0505,50.994663,2020-07-28,N,-0.4314545,-0.13179928,299.5805,298.3017,291.87756,287.23114,277.50342,2.0,0.0,0.23824549,0.25018713,0.23221056,0.26761943
193,-104.9675,52.127666,2020-07-29,D,-2.504412,2.698913,287.92416,287.59937,290.64148,286.27066,275.56586,2.4444444,0.0,0.24365112,0.26147133,0.24969238,0.26431394
194,-103.073494,52.14967,2020-07-29,N,-2.3516405,3.28931,299.87488,297.2569,291.50696,285.80338,274.197,2.0,0.0,0.26379067,0.28729498,0.23957154,0.26779455
195,-99.6265,51.92867,2020-07-30,D,-0.044598438,2.592151,291.8692,291.09793,293.26724,291.25168,284.72482,2.0,0.0,0.16222495,0.19056074,0.19728324,0.22072802
196,-99.2605,51.419666,2020-07-30,N,-1.5803477,3.6744325,300.1076,301.13776,295.61877,291.31317,284.1234,2.222224,0.0,0.16190423,0.20548432,0.22428349,0.26120365
197,-118.3395,51.135666,2020-07-31,D,-1.1562657,-0.42197382,285.49002,284.27017,288.17282,284.9405,279.8078,1.5555556,0.0,0.22894944,0.26944336,0.30737838,0.35590872
198,-110.5115,55.558666,2020-07-31,N,0.29551297,-0.97021985,298.9224,295.81256,289.88684,284.54407,275.5724,6.0,0.0,0.5811646,0.6062287,0.6436456,0.62099123
199,-109.349495,54.284668,2020-08-01,D,-0.36380884,1.0687886,285.3757,284.19626,289.88315,287.3341,278.7422,2.7777777,0.0,0.28459966,0.30108058,0.2718397,0.2827675
200,-114.430504,53.675663,2020-08-01,N,-3.6487284,4.1101947,299.47107,297.70612,292.85535,289.01764,282.93796,2.0,0.0,0.3489706,0.36273268,0.36853456,0.382797
201,-104.474495,52.112,2020-08-02,N,-2.131667,3.6067657,296.7165,295.95596,291.2668,287.05435,276.69382,2.2222223,0.0,0.23405083,0.2608824,0.2612728,0.26897207
202,-113.593506,51.56667,2020-08-03,D,0.14840436,1.5285867,286.7973,288.99014,292.45566,289.0228,282.27316,2.0,0.0,0.28347006,0.2875788,0.28061518,0.22585236
203,-97.8325,50.821667,2020-08-04,N,1.4661546,4.239492,296.94153,297.34903,292.69168,289.2961,281.87073,2.0,0.0,0.21084407,0.22608376,0.23285216,0.26707968
204,-95.0335,54.5565,2020-08-05,D,1.8639995,2.80085,290.1769,288.35913,289.74902,287.66504,281.89334,2.0,0.0,0.3355432,0.3563991,0.3844987,0.3847208
205,-95.679504,49.842667,2020-08-06,D,1.4469413,3.0401888,289.04553,288.8182,291.17105,288.61987,281.15555,5.111111,0.0,0.4419597,0.46032846,0.48241085,0.5375982
206,-115.920494,58.52467,2020-08-06,N,-4.437786,0.21144241,299.12027,295.79184,290.09537,284.8854,273.86597,3.5555487,1.1442571e-06,0.32032314,0.33232057,0.32918933,0.30576393
207,-103.443504,51.32567,2020-08-07,D,-2.0302713,3.13206,288.44873,288.35614,290.55875,287.10306,278.1261,2.5555556,0.0,0.25192386,0.25700295,0.26167655,0.259268
208,-96.5725,49.294666,2020-08-07,N,-0.46192148,3.417901,297.05212,297.3583,294.20862,290.54913,284.95926,3.2222223,2.6720174e-06,0.254549,0.2891501,0.31786364,0.38802168
209,-100.599,51.931667,2020-08-08,D,5.11936,2.8537393,287.3355,287.7555,291.51135,287.24432,277.19427,4.2222157,0.0,0.39165875,0.33597004,0.34311283,0.36675227
210,-113.7105,56.99867,2020-08-08,N,4.0255623,-0.41384357,292.32117,290.33127,287.6734,284.95496,274.43762,4.3333335,1.7784016e-05,0.4206507,0.42185646,0.44397482,0.44438267
211,-86.3295,51.51167,2020-08-09,D,2.8889644,-0.53642917,292.26288,291.7267,292.98666,287.4535,279.32343,6.0,0.0,0.51758647,0.5312525,0.5584319,0.6195788
212,-98.3785,49.557667,2020-08-09,N,7.5141644,-1.8014227,295.78168,296.6557,293.37408,290.6499,284.43127,1.9999949,0.0,0.23142137,0.20330946,0.23902565,0.28351408
213,-88.1995,52.018665,2020-08-10,D,3.4835124,0.8408226,291.1536,291.80927,293.40292,289.4808,283.5217,1.0,4.0070316e-09,0.171809,0.18246579,0.16714327,0.2504067
214,-96.527,50.329666,2020-08-11,D,5.8270626,0.5015489,288.88748,288.75717,291.9336,290.22833,284.24582,3.5555725,0.0,0.298125,0.30600423,0.3288473,0.3801968
215,-91.3075,51.22067,2020-08-11,N,5.9947567,-1.2041,295.77115,295.03503,292.4496,289.76538,284.68604,1.0,1.9671243e-05,0.14737065,0.16524374,0.1524986,0.22810811
216,-94.9455,49.71867,2020-08-12,D,-2.6749594,-0.26867998,287.87677,284.09003,290.50342,289.3571,282.82645,3.555542,0.0,0.39930603,0.41037518,0.42808157,0.47588456
217,-93.514496,52.137665,2020-08-12,N,-1.4089729,0.75447065,299.52982,296.1946,291.14362,288.76236,283.27548,2.5,0.0,0.30367672,0.3087097,0.32550132,0.38551906
218,-97.00449,51.357666,2020-08-13,D,-4.303192,3.2869503,292.57828,292.6333,293.32758,291.1009,286.06757,2.1111095,0.0,0.18656555,0.19443351,0.19673266,0.22964944
219,-91.0025,50.863667,2020-08-13,N,-1.4812607,4.135562,299.9714,299.46234,293.77554,290.03665,285.4327,1.0,0.0,0.1261118,0.16226447,0.14780721,0.22510351
220,-81.8075,51.807667,2020-08-14,D,-2.1093683,2.0998964,288.2555,286.7437,289.04706,287.58777,279.3547,5.3333335,0.0,0.5933007,0.60503095,0.6094772,0.62901527
221,-86.9375,51.546665,2020-08-14,N,1.9323298,4.282774,298.78366,296.7086,292.54224,289.14587,282.3499,3.3333368,4.8963193e-05,0.36676756,0.3350125,0.35049823,0.42903435
222,-99.39651,50.85367,2020-08-16,D,3.10178,-1.1320288,285.79327,285.65604,289.743,289.0338,282.69696,2.0,0.0,0.25404453,0.24025008,0.26792744,0.30282977
223,-86.09151,49.861664,2020-08-16,N,4.856998,0.3204047,294.3773,294.83932,292.29495,290.1777,285.59598,1.0,1.2609106e-05,0.1508857,0.16800393,0.16937284,0.24125952
224,-104.9535,51.079666,2020-08-17,D,-2.0235856,3.6327612,285.06433,285.7994,291.30792,289.4392,283.26486,2.0,0.0,0.19730933,0.1843395,0.21613783,0.2359217
225,-113.141,53.750668,2020-08-17,N,4.78903,0.961542,299.92847,296.83032,290.63855,287.1826,283.85,3.1111078,0.0,0.3434829,0.3612781,0.3755038,0.3761004
226,-115.0765,50.416668,2020-08-18,D,0.81896025,0.51413155,284.93027,282.70334,286.08624,282.87967,278.9756,1.4444444,0.0,0.13700913,0.17342252,0.2105706,0.32077166
227,-117.6755,51.39267,2020-08-18,N,2.542017,2.1960979,297.73074,294.5184,287.6183,283.6333,280.7301,1.2222222,8.030292e-06,0.16176271,0.21242633,0.22674677,0.31305185
228,-116.4755,49.840668,2020-08-19,D,0.01667024,-0.14222197,283.95074,283.42325,287.6612,284.831,280.71686,1.3333334,0.0,0.14857715,0.18784444,0.21080172,0.3198307
229,-118.2085,49.5345,2020-08-19,N,0.9876177,2.0130827,301.11316,296.78598,290.55484,287.0715,282.48413,2.0,0.0,0.18117036,0.22814982,0.29024246,0.3378005
230,-99.93951,50.319668,2020-08-20,D,-1.1148376,0.82620025,286.95007,288.53192,293.33234,289.59277,284.0343,2.0,3.060419e-07,0.22510614,0.22553335,0.2547699,0.31280673
231,-117.8075,52.7935,2020-08-20,N,1.6857537,1.8474857,285.8583,287.98618,285.11765,282.79065,279.59323,1.0,8.190856e-05,0.14442687,0.18350418,0.18946882,0.2802919
232,-117.0055,56.111664,2020-08-21,D,-2.6796582,0.6716048,285.73825,286.1749,287.51685,286.3531,281.18765,3.6666667,2.934833e-06,0.36965454,0.32612494,0.35090387,0.3517868
233,-116.81149,51.09667,2020-08-21,N,0.10968989,2.5995255,292.06082,290.51764,285.52304,284.2111,280.79135,1.6666666,0.0006794738,0.18697405,0.22727536,0.27057156,0.34077343
234,-116.92149,49.865665,2020-08-22,D,1.7204323,0.60832924,283.54517,284.67847,286.64822,285.47757,281.42203,1.6666666,0.001051779,0.20605415,0.21608841,0.25422156,0.35266384
235,-116.11649,50.06,2020-08-22,N,2.7709005,0.7326668,293.1781,291.18997,286.99594,285.39886,281.2248,1.6666666,0.0,0.15768464,0.19180718,0.22946389,0.30906716
236,-113.2775,50.364666,2020-08-23,D,0.49124888,-1.3864498,281.13766,284.75528,291.50797,290.21625,284.7027,2.0,0.0,0.16864224,0.19109876,0.25871634,0.21629576
237,-116.1385,49.9515,2020-08-24,D,0.5616192,0.0594261,280.9185,280.113,285.2426,285.35318,281.49643,1.3333334,0.0,0.13336709,0.17631508,0.21269296,0.29730338
238,-116.90749,49.845997,2020-08-24,N,2.6362402,1.8281348,295.46573,292.31128,286.36682,285.13385,281.68607,1.7777778,1.6555005e-06,0.1858433,0.21387877,0.24996059,0.3489275
239,-116.48151,50.128666,2020-08-26,D,0.5341848,-0.09353081,276.29553,278.12396,283.6372,284.1204,280.97916,1.1111112,0.0,0.13458449,0.16516052,0.19463693,0.3003694
240,-116.0535,50.069668,2020-08-26,N,1.2086494,1.1411937,295.47623,292.08264,286.3167,285.24838,281.69147,1.6666666,0.0,0.1467588,0.18842746,0.23382524,0.30983758
241,-113.7455,51.186665,2020-08-27,D,1.2448024,-3.2267773,282.52878,285.1578,289.43222,288.8043,284.07178,2.0,5.811938e-07,0.18188189,0.19217831,0.22867209,0.20513397
242,-106.18951,49.854664,2020-08-27,N,-3.0861804,1.5690429,297.25797,299.61853,294.6842,292.7195,286.3768,2.2222223,0.00017185816,0.16503888,0.16520096,0.21519627,0.22901484
243,-116.7295,51.210663,2020-08-28,D,0.18200198,0.10018358,274.4635,276.4437,281.74426,282.9979,281.08807,1.6666666,0.0,0.20035177,0.23732206,0.27309188,0.34185824
244,-116.084496,50.074665,2020-08-28,N,1.5501456,0.91840255,297.38348,292.94647,285.9315,284.9022,281.81006,1.6666666,0.0,0.13651103,0.18273605,0.22926998,0.30902517
245,-99.318504,50.28967,2020-08-29,D,1.8093325,-0.19185564,280.01834,282.44424,289.19235,290.01877,285.18863,1.7777778,0.0,0.23409383,0.23399155,0.24416992,0.282253
246,-117.0485,49.77467,2020-08-29,N,3.1563578,-0.99717915,287.67007,289.1737,285.88974,285.11716,282.4193,1.7777778,8.1545964e-05,0.17572343,0.21637157,0.26528314,0.35853413
247,-115.5575,50.839664,2020-08-30,D,1.1027287,0.17626394,273.7673,275.8484,281.1169,282.7929,280.56348,1.3333334,4.6562185e-05,0.13997377,0.16117185,0.20932133,0.30310935
248,-116.4645,49.949665,2020-08-30,N,3.1126518,-0.08429241,287.46603,286.3654,282.27872,283.76498,281.55203,1.0,0.0,0.12238659,0.15610304,0.1938929,0.30155286
249,-96.9605,50.166668,2020-08-31,N,5.358759,-1.5159808,288.8701,290.3138,289.44763,290.35852,286.64926,3.1111042,2.9171856e-06,0.36509186,0.31798813,0.27641857,0.34863773
250,-97.7765,50.2095,2020-09-01,N,6.9546933,-1.1721851,291.1152,290.1559,288.12677,289.8841,286.78683,3.6666667,0.00053135626,0.35144296,0.3193663,0.2993228,0.3437988
251,-118.1105,53.201664,2020-09-02,D,1.9288763,-0.11106325,278.82895,280.40198,281.753,281.30658,280.68515,1.2222222,0.0010749972,0.2776111,0.21275571,0.2123949,0.28894413
252,-116.000496,49.9235,2020-09-02,N,3.8527088,-0.7468121,292.9861,290.73764,285.53006,284.49158,282.4578,1.6666666,0.0,0.13812427,0.17122342,0.22106485,0.2988631
253,-80.79749,43.69067,2020-09-03,D,-0.27223933,2.734672,286.68054,285.79245,290.6358,291.65277,289.58554,2.4444377,0.0,0.39425924,0.39007726,0.32481807,0.3735613
254,-117.681496,49.576664,2020-09-03,N,2.3955557,-0.7865245,298.26434,293.24805,286.47562,285.41064,283.73523,2.0,0.0,0.17934622,0.2168579,0.27906105,0.34786046
255,-116.2395,49.806667,2020-09-04,D,0.66441435,-0.38503504,279.12747,280.1085,284.44928,284.20734,282.4408,1.5555556,0.0,0.123312026,0.1623084,0.21001424,0.30647695
256,-116.0065,50.048664,2020-09-04,N,0.4495086,1.2787583,299.94873,294.332,286.06793,284.18033,282.37433,1.6666666,0.0,0.13134845,0.1748082,0.22725916,0.30609453
257,-115.806496,50.561665,2020-09-05,D,-0.15508896,0.12190917,283.8017,280.888,284.47534,283.27097,281.6675,1.7777778,0.0,0.15322521,0.19626772,0.25155047,0.33195943
258,-115.7945,49.975502,2020-09-05,N,3.0033166,-0.6233991,300.33252,295.99115,287.67285,284.76868,282.5127,2.0,0.0,0.12744194,0.17822914,0.23798157,0.3184515
259,-116.722496,49.87367,2020-09-06,D,0.6430426,-0.639686,283.1192,281.4863,285.67517,283.90274,282.0641,1.5555556,0.0,0.12366121,0.16989297,0.2159825,0.3258766
260,-115.930504,50.138668,2020-09-06,N,2.9920938,-0.3690487,296.2251,293.5278,287.27438,284.6293,282.36404,1.7777778,0.0,0.13155675,0.18069847,0.23683374,0.3156644
261,-124.2035,50.635666,2020-09-07,D,-0.9875277,-2.216162,283.02502,281.96057,284.32935,283.34094,281.5594,1.2222222,9.959038e-06,0.21990351,0.24989097,0.26149905,0.30971152
262,-116.9975,49.778667,2020-09-07,N,-2.143562,-1.6545166,285.19772,285.53687,284.72626,284.81833,282.72232,1.7777778,8.844017e-06,0.20469156,0.19975446,0.25399652,0.3523541
263,-116.27151,55.374664,2020-09-08,D,4.38273,2.293345,282.1832,281.24384,282.45142,284.10568,283.5927,2.6666667,2.6490954e-07,0.39886844,0.39607778,0.370692,0.39460158
264,-96.599495,49.283665,2020-09-08,N,1.9343667,-2.738824,283.13373,285.37976,284.3877,288.18106,287.6349,3.2222223,8.22024e-05,0.3647674,0.3678823,0.3200167,0.37890297
265,-102.37949,49.606663,2020-09-09,D,2.3452294,4.1346335,275.4884,277.91104,282.68353,287.28015,286.4494,2.0,0.0,0.20764923,0.20342681,0.2415625,0.27027255
266,-111.9545,51.577667,2020-09-10,D,1.5851845,2.027219,280.93756,282.7097,286.39624,286.8434,285.93463,2.0,0.0,0.25965995,0.2243467,0.25433528,0.23395663
267,-117.6715,49.589664,2020-09-10,N,1.1526332,-0.14226915,298.03528,292.45074,285.50885,285.19656,284.01407,2.0,0.0,0.1782551,0.21204263,0.27519712,0.34715414
268,-115.2965,50.2585,2020-09-11,D,0.27878737,-0.28279704,278.56113,277.12997,281.35324,281.6329,280.9761,1.5,0.0,0.20773919,0.17796952,0.21903472,0.32628334
269,-120.7815,52.272663,2020-09-11,N,2.200818,-0.97345936,295.1903,290.92795,285.0187,283.16324,282.1782,1.8888888,0.0,0.2946071,0.31430042,0.31413275,0.3783031
270,-112.167496,49.8415,2020-09-12,D,0.6895844,-1.5457579,280.93958,284.8874,289.43805,288.6418,288.21362,2.0,0.0,0.22802606,0.21367608,0.2333857,0.23788579
271,-117.946495,49.831665,2020-09-12,N,1.4125963,0.08112869,296.8896,293.65094,286.9916,285.02396,283.69812,2.0,0.0,0.19158006,0.22985347,0.28829432,0.34900835
272,-116.8205,49.82567,2020-09-13,D,-1.1078337,0.30961105,281.29233,279.60437,284.46637,283.75143,282.5431,1.5555556,0.0,0.1640424,0.18050787,0.23081613,0.33615804
273,-117.6615,49.59567,2020-09-13,N,0.10729057,1.8489394,291.34933,292.3262,286.86343,285.54837,284.08765,2.0,0.0,0.18894275,0.21559665,0.27756795,0.34700668
274,-97.69601,49.682667,2020-09-14,D,-1.4649609,2.3440483,274.98584,277.67368,285.36395,287.8734,287.63095,4.0,0.0,0.31494263,0.33414644,0.32517686,0.37752503
275,-105.9965,51.058666,2020-09-16,D,0.4665655,-2.1237936,271.77368,276.8718,285.07193,287.27368,286.46072,2.0,0.0,0.1878919,0.18138209,0.21794102,0.25046983
276,-116.206505,51.889668,2020-09-16,N,2.3397593,0.662139,287.26965,285.67563,280.96417,280.38223,280.05063,1.0,1.6106995e-05,0.19845499,0.19827294,0.1948399,0.2687786
277,-96.6745,49.559666,2020-09-17,D,-0.64447206,0.80916435,272.48846,274.44507,282.55096,286.86118,287.6559,2.999995,0.0,0.29785627,0.31244692,0.29154727,0.3638493
278,-107.3515,52.432667,2020-09-18,D,-1.5562823,1.112911,273.61636,276.47784,283.22037,284.7607,284.58887,2.2222223,0.0,0.18788067,0.19038804,0.22302413,0.24902943
279,-117.6605,51.374664,2020-09-18,N,-0.72335106,0.508294,290.87653,290.56497,283.94553,282.5535,281.7711,1.3333334,2.2082002e-06,0.18372689,0.20386797,0.21563564,0.29911172
280,-110.8395,55.975666,2020-09-19,D,1.7326542,1.8892492,279.9301,279.54388,281.9589,280.44357,277.98267,6.0,0.0,0.64882874,0.6456375,0.6563669,0.6286888
281,-115.875496,58.51167,2020-09-20,D,2.1020908,-1.2301065,281.98663,282.0454,282.29034,279.5923,278.12122,3.5555487,1.5813082e-07,0.39038453,0.3834406,0.37956107,0.31086695
282,-120.445496,53.481663,2020-09-21,D,0.86047024,0.49226204,279.004,279.82394,280.84335,281.47458,280.6929,1.6666666,0.0012157974,0.35630462,0.31983963,0.2960661,0.3326626
283,-111.544495,52.47067,2020-09-22,D,-0.28713614,-2.0020475,279.96945,282.66168,285.93698,286.04007,285.76535,2.0,0.0,0.30616507,0.2514862,0.25053453,0.24312447
284,-121.400505,54.083668,2020-09-23,D,-1.9012353,0.82372177,281.0575,278.80515,280.44736,281.8552,281.80212,2.2222188,5.4971988e-05,0.35567716,0.36213195,0.34467584,0.3700705
285,-112.429504,50.028667,2020-09-24,D,4.821414,5.0804353,288.57965,287.4554,287.87637,287.58517,287.71796,2.0,0.0,0.2509359,0.2315775,0.25219756,0.23256534
286,-108.787506,52.0205,2020-09-25,D,3.9096842,-0.35979113,278.6792,280.77075,286.34595,286.3338,285.52988,2.0,0.0,0.28748572,0.28146097,0.22491983,0.2380777
287,-120.301506,54.18567,2020-09-26,D,2.287837,2.3354867,273.8863,275.04166,276.55777,279.2389,280.13956,1.0,0.00015216159,0.29092872,0.2916012,0.25892347,0.28245237
288,-115.756996,53.176666,2020-09-27,D,4.1628323,-0.041370112,276.69617,277.93802,282.19305,283.60553,282.40533,4.6666665,0.0,0.5011611,0.5043278,0.5178625,0.567386
289,-126.5835,54.67967,2020-09-27,N,-1.3728272,2.981253,281.80417,279.01233,278.17258,280.74683,281.43378,2.0,0.00016942207,0.39558455,0.381183,0.35614714,0.35679066
290,-116.805504,55.509663,2020-09-28,D,4.338274,2.045207,285.91907,283.89484,283.94797,283.73468,283.75412,3.33333,0.0,0.38675365,0.37367263,0.37015054,0.3900774
291,-102.3615,51.990665,2020-09-29,D,3.4864857,-1.1935236,279.49084,280.0855,282.6672,282.99548,281.1391,2.0,0.0,0.213288,0.2051057,0.2025242,0.25263563
292,-115.2425,51.31767,2020-09-29,N,0.7581318,-1.134559,286.82294,285.7379,281.58463,280.34018,281.66794,1.2222222,2.7669635e-06,0.19059362,0.2030064,0.22039714,0.29942775
293,-117.736496,56.706665,2020-09-30,D,0.74314386,-0.9687764,272.29175,273.80914,281.47238,282.5351,282.06912,3.8333333,0.0,0.35274765,0.35498306,0.33514562,0.3500513
294,-119.7775,53.926666,2020-10-01,D,0.68733406,2.1708777,276.4655,276.46213,278.16245,278.43103,279.59,1.0,0.0,0.2643509,0.27242664,0.25488988,0.2776121
295,-103.3485,53.29767,2020-10-01,N,1.6200366,1.1350962,281.07233,281.31177,280.54285,282.81427,282.27155,3.1111112,2.1271026e-05,0.32616645,0.31436342,0.2998202,0.31677172
296,-116.6565,51.1875,2020-10-02,D,-0.0063794605,-0.36900437,273.11914,274.7959,278.74948,279.82755,281.33206,1.8333334,0.0,0.27149788,0.27266616,0.2789224,0.34361556
297,-116.571495,51.643665,2020-10-02,N,1.3021432,-0.3277962,286.8608,284.68152,278.9813,278.48105,280.0123,1.0,0.0,0.21750787,0.21638745,0.20747179,0.2881324
298,-108.2045,51.10867,2020-10-03,D,-1.8199552,0.64584106,273.19922,276.84366,282.98547,285.4894,286.46902,2.6666667,0.0,0.3297361,0.3173587,0.27939805,0.28226602
299,-109.25449,53.030666,2020-10-03,N,0.5007077,3.1177568,289.31152,287.36038,283.04562,284.01514,285.39545,2.0,0.0,0.2600795,0.25849897,0.25707814,0.2599038
300,-115.0035,52.098663,2020-10-04,D,3.4830618,0.7359706,282.34848,282.46136,284.09137,283.55347,283.89127,2.0,0.0,0.24283396,0.26333654,0.28913063,0.3655271
301,-115.2605,51.320667,2020-10-04,N,2.2936664,0.50540286,284.46765,284.77353,281.8236,280.822,281.4827,1.2222222,3.0315947e-05,0.15734245,0.18252474,0.20784034,0.29706824
302,-116.24049,53.029663,2020-10-05,D,1.2463894,2.0986679,275.30435,277.77478,282.42502,282.44272,281.5939,4.6666665,0.0,0.51265466,0.49666277,0.514718,0.5694979
303,-123.76849,54.206665,2020-10-06,D,3.3163235,-0.40506685,283.76782,284.19617,284.46008,283.557,283.78232,2.999995,6.936248e-06,0.3814131,0.38096547,0.36305133,0.3687429
304,-116.21549,51.9935,2020-10-06,N,2.6278274,0.74740887,282.36465,282.51077,279.974,279.32675,280.1327,1.0,6.610003e-05,0.15310894,0.17013358,0.18239729,0.26071116
305,-105.8675,50.819668,2020-10-07,D,3.413375,-1.9431796,276.57043,278.72635,285.08112,286.01288,286.8227,2.6666667,0.0,0.22442988,0.18369642,0.21316482,0.25602955
306,-126.3995,54.814667,2020-10-07,N,-0.76891696,1.1439877,277.1175,277.46976,277.79282,280.8209,281.40753,2.0,0.0005117055,0.3699227,0.36951473,0.38158682,0.36549708
307,-101.650505,50.29767,2020-10-08,D,-1.5909203,2.71391,278.30798,278.4158,282.1577,284.2949,285.069,2.0,4.045756e-08,0.21066186,0.19471282,0.22931165,0.27162588
308,-99.6425,49.482666,2020-10-09,D,5.210567,-1.4005157,282.59146,282.14505,284.73764,285.62143,287.4415,1.6666666,0.0,0.2064753,0.18457817,0.23816882,0.29979363
309,-100.874504,51.041668,2020-10-09,N,2.9170637,-4.0556583,280.61792,282.2745,282.08228,282.30365,283.04303,2.4444444,6.703526e-06,0.311008,0.26729855,0.26292515,0.30148372
310,-106.2865,50.953663,2020-10-10,D,-3.5358937,4.857032,277.31927,278.3616,283.33023,285.80392,286.72787,2.0,0.0,0.21051043,0.16086651,0.18986191,0.25104657
311,-115.0595,51.624664,2020-10-10,N,2.214343,2.295541,285.35022,284.96213,281.8628,281.96936,282.43427,1.7777778,7.746935e-05,0.25009277,0.23769124,0.25654614,0.33489108
312,-124.7165,55.155666,2020-10-11,D,1.4198027,0.96010005,273.53305,273.6609,275.5281,278.92255,281.3335,2.0,6.276157e-07,0.39079517,0.38882285,0.37781748,0.38557371
313,-110.2895,52.272663,2020-10-12,D,2.5431108,0.17485546,270.8671,274.73233,280.88248,284.25943,285.46213,2.0,0.0,0.29697385,0.24021578,0.22453791,0.22959688
314,-125.5855,54.487667,2020-10-12,N,2.7070398,0.01926408,280.0311,276.80664,275.57788,279.4772,281.97668,2.0,1.4987612e-05,0.38396397,0.39477396,0.3781966,0.35746226
315,-105.9475,52.1815,2020-10-13,D,8.747805,-2.4211407,273.88046,276.2861,280.63443,283.25186,284.0599,2.3333333,0.0,0.2494564,0.23442286,0.23503987,0.28386715
316,-116.583496,54.930664,2020-10-13,N,-1.791329,-1.7454553,276.40955,275.92667,276.56613,280.69174,283.44092,2.6666667,1.9061032e-05,0.3745539,0.37233436,0.34425345,0.3880031
317,-115.8465,52.3495,2020-10-14,D,1.1856053,-0.8429243,269.62302,272.05722,274.34467,279.31155,282.16318,1.8333334,0.00027249087,0.28457618,0.27931345,0.2778765,0.3426927
318,-124.6645,53.368668,2020-10-14,N,5.104991,-0.30411285,278.48996,276.618,275.43738,279.2584,282.42117,2.0,0.00016638052,0.37765077,0.3798115,0.35530305,0.351808
319,-113.7305,55.611664,2020-10-15,D,4.2033033,-2.6388478,270.1183,272.3362,274.55865,279.34656,280.52454,4.0,0.0,0.5032513,0.5084827,0.49425697,0.48951232
320,-124.680504,53.376667,2020-10-15,N,-0.48014483,1.3035631,274.63028,274.1932,275.1762,278.86493,282.3389,2.0,0.0007900928,0.37315762,0.3769996,0.35620764,0.3517605
321,-109.1155,51.114666,2020-10-16,D,2.0117755,0.5880617,269.40735,272.03577,277.70715,283.44202,286.1986,2.8888855,1.4725005e-07,0.36433068,0.32356083,0.27909184,0.27347636
322,-104.4895,50.94167,2020-10-17,D,4.3367243,-2.6438255,262.974,266.59808,274.17273,281.88715,285.29214,2.2222223,1.6695355e-06,0.20084162,0.19752683,0.20954105,0.24429822
323,-105.6295,52.008667,2020-10-18,D,4.7042947,-2.0255055,266.8229,271.6521,273.61093,279.9168,283.78772,2.3333333,0.0,0.23488681,0.24787195,0.24371551,0.28989556
324,-109.792496,51.72667,2020-10-19,D,-0.6418051,2.312453,264.56628,268.67676,273.3387,279.72696,285.1756,2.0,4.5596e-08,0.26997474,0.26628155,0.23553212,0.22405948
325,-122.5465,51.264668,2020-10-19,N,2.1997266,-0.8826183,275.3066,275.03894,275.39474,277.64197,281.49478,1.8888888,0.00020236778,0.37215668,0.36101165,0.33045718,0.3472564
326,-120.389496,51.293667,2020-10-20,D,0.21780296,0.16572806,271.51587,273.89462,274.46933,278.24252,282.90085,2.0,1.0284367e-06,0.3934454,0.3892456,0.35655233,0.35798398
327,-120.1455,51.913666,2020-10-20,N,2.0426521,-0.055628914,272.74368,273.25476,274.224,277.15808,281.6651,2.0,0.00015188605,0.37127393,0.3758795,0.37696555,0.37360945
328,-124.0015,49.7645,2020-10-21,D,2.281582,-0.88580984,277.3086,278.57828,280.6508,282.69687,284.6848,2.0,5.605314e-06,0.2690206,0.26868793,0.2816486,0.28519127
329,-126.0755,54.309666,2020-10-21,N,-2.4515696,0.12581451,272.46014,272.57324,273.65817,276.6621,281.26083,2.0,6.862428e-05,0.3714491,0.3780421,0.3743115,0.3491064
330,-119.6775,51.022663,2020-10-22,D,0.8296105,-0.47927114,271.2248,273.43185,275.05698,278.83673,283.65433,2.0,5.3965385e-05,0.37519428,0.3772696,0.34615827,0.3346864
331,-97.63351,51.085663,2020-10-22,N,2.4456186,-0.38466662,272.83063,271.24347,273.27362,277.445,283.76093,2.1111112,1.5529857e-07,0.2708066,0.26234084,0.22708623,0.27332407
332,-122.8815,54.898666,2020-10-23,D,-2.0216684,-2.7114887,263.36844,265.19382,270.62436,275.1029,280.71048,1.3333334,4.339874e-06,0.2838102,0.28879607,0.30250442,0.2977726
333,-124.09049,54.7865,2020-10-24,D,-1.3559803,-2.7960083,264.0643,265.87643,272.04843,275.6956,281.1319,2.6666667,0.0,0.3824611,0.38720775,0.38545656,0.3858417
334,-116.806496,55.815,2020-10-25,D,1.6555227,3.6237195,260.49353,262.71686,270.56436,275.56146,281.9435,3.5555556,0.0,0.36693934,0.35972694,0.3406017,0.37200174
335,-124.6265,50.526,2020-10-25,N,-0.111940175,-0.74744207,273.00137,272.1764,274.34735,278.55734,282.86584,2.0,0.0,0.35328773,0.36233127,0.36787727,0.40085566
336,-105.3155,51.46867,2020-10-26,D,2.008987,4.1690335,260.69855,264.67444,272.51227,276.86594,284.1684,2.0,0.0,0.17080891,0.22295459,0.22614653,0.24419278
337,-124.27151,56.339664,2020-10-27,D,1.847123,1.4615729,273.9314,271.6038,270.69943,273.62244,278.61465,2.0,0.00015887815,0.35831988,0.3460209,0.3591425,0.3712092
338,-119.222496,54.972668,2020-10-28,D,2.5659194,1.2587962,272.18802,273.124,272.67133,275.65234,282.0019,3.1111078,0.0,0.42589584,0.40575758,0.3456367,0.39908782
339,-127.6015,55.896667,2020-10-28,N,0.768715,0.46441424,273.70633,272.66708,271.6179,274.0174,278.41156,1.7777778,2.3226283e-05,0.3632352,0.35306895,0.33526936,0.38071802
340,-120.683495,49.245667,2020-10-29,D,0.93797153,2.1842918,276.17758,275.36102,274.3197,276.4957,281.0154,2.0,2.3577148e-05,0.38091475,0.36850807,0.34838146,0.3512621
341,-125.1915,53.1055,2020-10-30,D,0.77056766,1.7332498,275.55273,274.2654,272.83514,275.0033,280.2925,2.0,0.00048540172,0.4251972,0.42388222,0.40973023,0.36776242
342,-125.45251,52.932667,2020-10-30,N,4.6050506,0.9583957,276.0983,275.32666,273.22214,275.14355,280.0846,2.0,1.7819292e-07,0.40557086,0.41654983,0.4084793,0.36778387
343,-119.461494,49.724667,2020-10-31,D,0.64922804,0.5740963,273.5222,273.14734,275.1774,277.32535,283.2608,2.0,0.0,0.34188032,0.33557087,0.2796252,0.29655966
344,-120.1675,51.999664,2020-10-31,N,-0.6228343,1.0853285,273.27176,272.21732,272.62708,274.8186,280.02005,2.0,9.873474e-06,0.3639519,0.3621867,0.37187135,0.371745
345,-114.1765,50.8115,2020-11-01,D,3.6357777,1.7626476,274.89444,274.0096,274.00293,275.80792,282.03296,2.0,0.0,0.26716325,0.20366675,0.2020316,0.23122379
346,-118.8295,49.885666,2020-11-01,N,-1.3869197,0.81512433,279.2123,274.37143,274.87582,276.91177,281.7558,2.0,0.0,0.35410446,0.3563942,0.314954,0.33300415
347,-106.10349,50.659668,2020-11-02,D,2.5198612,2.7029905,274.32104,272.6635,273.1513,276.46466,284.18396,2.4444444,0.0,0.19231448,0.18934205,0.22344048,0.2530793
348,-110.3245,51.848663,2020-11-02,N,2.0976052,2.8605034,288.11978,281.18597,275.11285,275.9974,282.8609,2.0,0.0,0.23049742,0.23409534,0.23674706,0.22770616
349,-103.9965,50.920666,2020-11-03,D,4.787443,0.21604878,276.657,274.08966,272.84854,275.45377,282.22644,2.7777777,0.0,0.18610877,0.20268375,0.23002094,0.24526232
350,-117.2395,51.8775,2020-11-03,N,0.3233349,0.9641521,271.89374,274.66028,274.93094,275.89792,278.6254,1.3333334,0.0006105707,0.26263142,0.26417187,0.25496724,0.30194497
351,-104.970505,50.524498,2020-11-04,D,5.8427243,0.48889548,281.86655,276.81357,274.9342,276.1637,283.38684,3.0,0.0,0.26587754,0.2685451,0.30038434,0.30537742
352,-120.7785,54.23367,2020-11-04,N,-1.3376933,0.3105294,273.7247,272.77267,273.1731,274.0182,277.29153,1.0,0.00072288053,0.28640303,0.28358856,0.27746835,0.29167873
353,-109.8365,52.2385,2020-11-05,D,3.5434523,3.1536875,281.95685,276.52646,276.86188,276.33844,282.05,2.0,0.0,0.24321525,0.24119535,0.23147427,0.23720717
354,-105.2565,50.9885,2020-11-05,N,5.1512365,-2.323336,286.98938,281.34058,278.38077,276.85223,283.19183,2.0,0.0,0.18423308,0.19181125,0.20673843,0.22920528
355,-118.9275,51.756668,2020-11-06,D,-0.19871862,-0.09259701,265.9985,272.78232,273.58005,274.77646,278.92786,1.6666666,1.1137713e-06,0.33456865,0.34069666,0.31801516,0.32458913
356,-121.2205,52.10867,2020-11-06,N,0.93755394,-0.638147,273.74048,271.58963,273.79272,275.98886,280.75204,2.0,1.2313735e-06,0.39362228,0.40492243,0.4137131,0.39382038
357,-103.4935,50.490665,2020-11-07,D,-4.2122273,-0.32634795,269.05438,272.09445,274.03137,276.03452,282.04144,2.555554,0.0,0.25770605,0.21691231,0.25381014,0.26923636
358,-113.74149,51.897663,2020-11-07,N,2.8899133,-7.5876484,267.3448,272.26892,275.42075,278.40115,282.21143,2.0,0.00040607646,0.26325697,0.25133654,0.24071199,0.25717425
359,-119.724495,51.6895,2020-11-08,D,-0.043406367,-2.2002215,264.45297,266.86792,272.69595,274.80676,279.69827,2.0,0.0,0.3806195,0.38985416,0.3744756,0.36923695
360,-125.0715,52.249664,2020-11-08,N,0.12625474,-0.72773504,270.9501,271.93652,273.26535,275.30142,278.87244,1.6666666,0.0,0.34489346,0.3526092,0.37950793,0.35326806
361,-118.7965,50.48567,2020-11-09,N,-0.08588757,0.78143895,269.85724,270.7555,273.52646,276.7048,281.43787,2.0,9.186308e-05,0.36617845,0.3729529,0.3533173,0.33562014
362,-74.2865,45.257664,2020-11-10,D,2.145985,2.9023516,283.07574,281.823,283.424,282.59872,285.4034,1.7777778,0.0,0.29376602,0.30685627,0.33412215,0.3174678
363,-109.7415,51.920666,2020-11-11,D,2.8048618,-7.4291377,262.56195,272.81567,273.9922,276.61673,281.56277,2.0,0.0002312474,0.24425058,0.24159853,0.23050399,0.23040457
364,-118.461494,54.337666,2020-11-12,D,3.5540216,2.9775903,267.46176,268.361,270.91153,274.36093,279.0159,2.0,0.0,0.34807214,0.35762185,0.3473259,0.3709077
365,-118.492,54.225666,2020-11-12,N,1.8301389,3.0770502,270.36523,269.8607,270.47705,274.14813,278.6613,2.0,0.0,0.34463537,0.35329205,0.34669176,0.36948577
366,-115.7435,53.339664,2020-11-13,D,0.30460268,1.8593782,269.7325,271.07068,272.1514,274.8799,280.0618,4.6666665,1.1161477e-07,0.47761405,0.48305735,0.4638847,0.52266866
367,-116.6845,58.112667,2020-11-13,N,0.8243221,-0.84243625,263.86377,268.75668,270.69592,273.35922,277.39362,2.4444427,0.0,0.31846294,0.28843912,0.2753227,0.22559595
368,-117.791504,53.079666,2020-11-14,D,1.222236,1.3152498,264.8278,270.40482,271.00488,273.85114,277.1583,1.1111112,0.00010450653,0.2383678,0.236882,0.22260094,0.27543768
369,-122.9025,51.329666,2020-11-14,N,0.21316643,2.6628141,267.71674,272.86676,273.27826,275.1038,278.636,1.5555556,7.4247237e-06,0.3230433,0.32898572,0.33597568,0.33205116
370,-118.8515,50.36667,2020-11-15,D,-1.462791,1.1968629,271.51205,273.2772,273.33154,275.69803,280.87366,2.0,0.0001845776,0.34791997,0.35335696,0.340896,0.33095038
371,-91.5105,49.331665,2020-11-16,D,4.0079045,-2.1488914,264.14606,265.53357,272.24945,274.93314,279.36893,1.0,2.013457e-06,0.23500943,0.24439934,0.25318405,0.24609058
372,-122.218506,52.286667,2020-11-17,D,-3.4994605,1.6848837,273.66553,272.79697,272.66428,274.76822,280.02795,2.0,7.8318975e-05,0.36014903,0.36880252,0.39961648,0.37989345
373,-119.804504,49.45567,2020-11-19,D,0.6449042,1.6461663,269.81345,273.45337,273.27747,275.12628,280.21863,2.0,2.0165631e-05,0.36415884,0.34742904,0.30058557,0.29815245
374,-120.88251,54.431667,2020-11-20,D,0.73410237,2.1139975,261.3485,271.9168,271.6323,273.09518,275.8461,1.2222222,9.215523e-05,0.26153982,0.25796488,0.26513484,0.28957167
375,-116.0875,49.10867,2020-11-20,N,1.351701,2.2810404,273.09775,273.23532,273.36633,275.27127,280.07553,2.0,0.00010185652,0.36021864,0.35784757,0.30623743,0.33378115
376,-117.8855,53.272663,2020-11-21,D,1.6991847,1.9701093,260.7907,266.93787,269.1871,273.3009,276.63684,1.2222222,6.824632e-07,0.25834388,0.25619215,0.25128534,0.29477438
377,-99.5785,50.47667,2020-11-22,D,2.8389497,-3.3671377,266.61847,267.04245,268.81696,273.60498,279.05392,1.8888888,3.502658e-05,0.25644323,0.26712415,0.2942484,0.29960644
378,-119.4575,54.613667,2020-11-23,D,0.6721881,1.0908575,265.7193,267.5287,269.81653,273.3503,277.7554,1.8888888,2.6159736e-07,0.34099185,0.35465145,0.35842642,0.37669474
379,-118.5245,54.420666,2020-11-25,D,2.5891006,1.0884078,269.59918,271.4647,270.75424,273.2658,277.77005,2.0,0.0,0.33892047,0.34636086,0.35046446,0.37144378
380,-121.443504,55.781666,2020-11-25,N,3.186469,2.0343697,271.1379,272.5575,271.68585,273.42126,277.34174,2.0,4.1038827e-08,0.33283707,0.33383587,0.322029,0.31966013
381,-115.107506,54.99667,2020-11-26,D,2.328309,-0.08706427,263.60123,267.17566,270.54742,273.0938,277.39236,2.8888888,3.3724726e-07,0.36027315,0.350282,0.3511082,0.38227177
382,-111.3985,55.425663,2020-11-27,D,4.559167,0.86562395,273.04428,270.79916,269.3361,273.2748,277.48325,5.3333335,2.0158143e-07,0.59787774,0.5733008,0.5920088,0.59640336
383,-118.6905,56.76967,2020-11-27,N,2.0897098,-0.9753541,268.28195,270.28418,270.6895,272.7562,276.49918,3.0,0.0,0.35138875,0.34571597,0.34784952,0.35130364
384,-116.7925,55.4175,2020-11-28,D,2.8591146,-0.94997597,269.37906,273.37747,271.0795,273.34982,278.50137,3.3333333,4.2990752e-05,0.37502575,0.38545462,0.38138905,0.3962376
385,-93.76949,48.571667,2020-11-28,N,-0.5892914,1.8394743,272.5464,270.71436,272.00803,274.78766,280.68073,4.222227,0.0,0.41115975,0.4127983,0.39613727,0.42352265
386,-111.8595,56.897663,2020-11-29,D,2.994252,3.4753675,266.8568,271.0122,271.61588,273.714,277.6973,5.111111,0.0,0.5951407,0.59630185,0.6129582,0.5911923
387,-117.6215,55.013668,2020-11-30,D,0.8349307,4.2210884,272.573,269.58276,271.41562,273.35577,278.09525,3.1111112,0.0,0.37865302,0.37719536,0.36438444,0.39855978
388,-118.40749,54.931667,2020-12-01,D,4.5521035,1.2136953,271.34137,272.94595,271.7581,273.51004,278.2532,3.1111112,0.0,0.38883767,0.37954217,0.3624138,0.39696693
389,-111.6085,53.12367,2020-12-01,N,3.6760025,-0.13022617,268.2699,271.40726,271.45413,273.6746,278.52356,2.0,0.0,0.23038226,0.26608783,0.27749267,0.29524833
390,-115.8075,54.60867,2020-12-02,D,4.353381,-0.49936137,274.99335,273.0626,271.39905,272.9474,276.60648,2.0,0.0,0.31477183,0.32316545,0.32657108,0.37240356
391,-113.1005,55.27667,2020-12-03,D,0.96048856,2.6426404,267.81152,271.13187,271.38705,272.995,276.9943,3.6666667,0.0,0.41786882,0.4155787,0.42057502,0.4298287
392,-117.48151,56.301666,2020-12-03,N,2.3725276,1.1439177,273.2006,269.61545,271.61005,273.14676,277.14914,3.5555556,0.0,0.3697309,0.35637352,0.3368274,0.345775
393,-114.6355,55.964664,2020-12-04,D,2.494786,2.9148054,273.73987,271.89276,271.29074,273.3139,277.33762,5.0,0.0,0.5872671,0.5774778,0.5772909,0.56943554
394,-113.9395,55.4575,2020-12-04,N,4.136191,0.28827155,276.7153,272.6533,271.48047,272.85135,276.27145,3.0,0.0,0.43280372,0.41140363,0.40829825,0.41716588
395,-116.2255,55.447502,2020-12-05,D,1.7602338,2.2100706,272.79385,272.84592,271.87756,273.18387,277.44806,3.0,8.3073627e-07,0.39250374,0.3780512,0.36896756,0.39491153
396,-121.09049,56.062,2020-12-05,N,-0.5226317,2.5163755,276.28946,274.55994,273.06714,273.502,276.69095,1.8888888,0.0,0.3312416,0.31709674,0.30114904,0.2814284
397,-111.593506,54.993668,2020-12-06,D,0.73323274,2.0867765,268.63873,272.37524,271.65024,272.94614,276.67938,3.2222223,0.0,0.4222089,0.42539454,0.43166244,0.4373511
398,-116.233,57.995667,2020-12-06,N,0.99153644,2.6780863,274.64328,271.14307,271.45108,272.95212,275.27988,2.5555522,0.0,0.3807639,0.33961195,0.32341802,0.29169643
399,-116.082504,55.90167,2020-12-07,D,3.6178272,3.1225052,278.417,275.97836,272.19467,272.89026,276.509,3.0,0.0,0.39102378,0.35945967,0.34074804,0.34954223
400,-120.6955,56.077667,2020-12-07,N,6.5245175,2.5969718,279.32718,276.89468,274.0457,273.65506,276.854,2.3333316,0.0,0.37813756,0.34630594,0.31143883,0.30108404
401,-116.392494,55.827667,2020-12-08,D,2.982047,2.4616072,275.5249,275.01868,272.4058,272.9828,276.68057,3.3333333,4.1337353e-06,0.40903035,0.39281896,0.3583032,0.36804977
402,-117.6775,59.138668,2020-12-08,N,3.0719328,1.5891562,270.27362,269.0375,271.1974,273.3756,276.21872,4.7777777,3.896553e-08,0.57563126,0.5362848,0.5155381,0.4307847
403,-115.0055,56.010666,2020-12-09,D,4.384741,1.1649859,271.95166,273.10898,271.96448,273.24435,277.0465,5.0,0.0,0.5841763,0.57759696,0.5364945,0.5259407
404,-117.444496,56.947666,2020-12-09,N,1.6959808,1.2079291,273.1467,272.96497,272.5846,272.98895,276.4987,3.7777777,0.0,0.42884225,0.4068373,0.3469981,0.3581909
405,-115.20251,55.88667,2020-12-10,D,3.2361026,0.12869853,270.51962,272.20538,272.24164,273.17938,276.54327,4.3333335,8.326216e-05,0.4767593,0.47472388,0.44151187,0.43659297
406,-121.5835,56.729664,2020-12-11,D,-1.3871489,1.875772,264.88358,266.89343,272.9181,273.2382,275.53867,1.7777778,2.6431918e-08,0.3079238,0.3076006,0.30239403,0.28379875
407,-115.49551,54.17967,2020-12-16,D,2.360808,-0.09663287,267.05554,265.94815,266.62048,272.89536,276.0631,2.0,4.3551077e-05,0.3426677,0.3300399,0.3112763,0.3585465
408,-121.3905,56.481663,2020-12-20,D,3.7790713,1.4998423,271.15472,268.48416,268.0851,272.4887,275.18433,1.5555556,7.734884e-05,0.30176452,0.29912665,0.2939729,0.25934485
409,-120.4935,55.556667,2020-12-22,D,1.5652889,-0.008345399,265.72888,270.83414,271.18344,273.10968,275.91324,2.5555556,0.0,0.3313185,0.32840884,0.32267416,0.330369
410,-118.9115,54.229,2020-12-23,D,3.3323903,3.3750153,263.9825,266.9878,269.55502,272.73865,275.0282,2.0,3.471503e-07,0.3373486,0.34053087,0.3334183,0.35845494
411,-114.670494,55.081665,2020-12-24,D,4.4428744,1.1828194,276.8863,272.59866,269.93576,272.68015,275.71643,3.7777777,0.0,0.43628633,0.42920914,0.42891118,0.4435995
412,-121.3605,55.787663,2020-12-28,D,2.778449,2.825872,265.46255,266.8929,270.04434,272.7941,275.14236,2.1111112,3.896587e-08,0.32355878,0.32442644,0.32024568,0.31626981
413,-111.642494,54.296665,2020-12-29,D,2.9253738,-2.0806737,260.97375,263.34793,267.62048,272.45816,275.46313,2.5555556,0.0,0.33409345,0.31654704,0.31360713,0.30997992
